-- =============================================================
-- Spider-Admin Oracle DDL — 초기 데이터 INSERT 스크립트
-- =============================================================
-- 생성일: 2026-03-05
-- 01_create_tables.sql, 02_create_indexes.sql 실행 후 실행
-- =============================================================


-- =============================================================
-- 1. 역할 (FWK_ROLE)
-- =============================================================
INSERT INTO FWK_ROLE (ROLE_ID, ROLE_NAME, USE_YN, ROLE_DESC, LAST_UPDATE_DTIME, LAST_UPDATE_USER_ID)
VALUES ('ADMIN', '관리자', 'Y', '시스템 관리자', TO_CHAR(SYSDATE, 'YYYYMMDDHH24MISS'), 'system');

INSERT INTO FWK_ROLE (ROLE_ID, ROLE_NAME, USE_YN, ROLE_DESC, LAST_UPDATE_DTIME, LAST_UPDATE_USER_ID)
VALUES ('itdev', 'IT 개발팀', 'Y', 'IT 개발팀 역할', TO_CHAR(SYSDATE, 'YYYYMMDDHH24MISS'), 'system');

INSERT INTO FWK_ROLE (ROLE_ID, ROLE_NAME, USE_YN, ROLE_DESC, LAST_UPDATE_DTIME, LAST_UPDATE_USER_ID)
VALUES ('react-adm', 'React CMS 관리자', 'Y', 'React CMS 빌더 관리 및 승인 권한', TO_CHAR(SYSDATE, 'YYYYMMDDHH24MISS'), 'system');

INSERT INTO FWK_ROLE (ROLE_ID, ROLE_NAME, USE_YN, ROLE_DESC, LAST_UPDATE_DTIME, LAST_UPDATE_USER_ID)
VALUES ('react-user', 'React CMS 제작자', 'Y', 'React CMS 빌더 편집 권한', TO_CHAR(SYSDATE, 'YYYYMMDDHH24MISS'), 'system');

-- =============================================================
-- 2. 초기 관리자 계정 (FWK_USER)
-- =============================================================
-- ⚠ 개발/테스트 전용 — 운영 환경에서는 반드시 별도 비밀번호로 교체할 것
-- 평문: 1q2w3e4r!@  →  BCrypt hash 아래 삽입
INSERT INTO FWK_USER (USER_ID, USER_NAME, PASSWD, ROLE_ID, USER_STATE_CODE, LAST_UPDATE_DTIME, LAST_UPDATE_USER_ID)
VALUES ('admin', '관리자', '$2a$10$Wb1dr5GFcbmpYC03AqKMC.8QGlMyVZkeRgFrE3khAb6y.PtXLyiG2', 'ADMIN', '1', TO_CHAR(SYSDATE, 'YYYYMMDDHH24MISS'), 'system');

INSERT INTO FWK_USER (USER_ID, USER_NAME, PASSWD, ROLE_ID, USER_STATE_CODE, LAST_UPDATE_DTIME, LAST_UPDATE_USER_ID)
VALUES ('cmsAdmin01', 'CMS 관리자', '$2a$10$Wb1dr5GFcbmpYC03AqKMC.8QGlMyVZkeRgFrE3khAb6y.PtXLyiG2', 'ADMIN', '1', TO_CHAR(SYSDATE, 'YYYYMMDDHH24MISS'), 'system');

INSERT INTO FWK_USER (USER_ID, USER_NAME, PASSWD, ROLE_ID, USER_STATE_CODE, LAST_UPDATE_DTIME, LAST_UPDATE_USER_ID)
VALUES ('cmsUser01', 'CMS 제작자', '$2a$10$Wb1dr5GFcbmpYC03AqKMC.8QGlMyVZkeRgFrE3khAb6y.PtXLyiG2', 'itdev', '1', TO_CHAR(SYSDATE, 'YYYYMMDDHH24MISS'), 'system');

INSERT INTO FWK_USER (USER_ID, USER_NAME, PASSWD, ROLE_ID, USER_STATE_CODE, LAST_UPDATE_DTIME, LAST_UPDATE_USER_ID)
VALUES ('reactAdmin01', 'React CMS 관리자', '$2a$10$Wb1dr5GFcbmpYC03AqKMC.8QGlMyVZkeRgFrE3khAb6y.PtXLyiG2', 'react-adm', '1', TO_CHAR(SYSDATE, 'YYYYMMDDHH24MISS'), 'system');

INSERT INTO FWK_USER (USER_ID, USER_NAME, PASSWD, ROLE_ID, USER_STATE_CODE, LAST_UPDATE_DTIME, LAST_UPDATE_USER_ID)
VALUES ('reactUser01', 'React CMS 제작자', '$2a$10$Wb1dr5GFcbmpYC03AqKMC.8QGlMyVZkeRgFrE3khAb6y.PtXLyiG2', 'react-user', '1', TO_CHAR(SYSDATE, 'YYYYMMDDHH24MISS'), 'system');

INSERT INTO FWK_USER (USER_ID, USER_NAME, PASSWD, ROLE_ID, USER_STATE_CODE, LAST_UPDATE_DTIME, LAST_UPDATE_USER_ID)
VALUES ('react-platform-user', '리액트 플랫폼 관리자', '$2a$10$Wb1dr5GFcbmpYC03AqKMC.8QGlMyVZkeRgFrE3khAb6y.PtXLyiG2', 'react-adm', '1', TO_CHAR(SYSDATE, 'YYYYMMDDHH24MISS'), 'system');

INSERT INTO FWK_USER (USER_ID, USER_NAME, PASSWD, ROLE_ID, USER_STATE_CODE, LAST_UPDATE_DTIME, LAST_UPDATE_USER_ID)
VALUES ('react-platform-admin', '리액트 플랫폼 사용자', '$2a$10$Wb1dr5GFcbmpYC03AqKMC.8QGlMyVZkeRgFrE3khAb6y.PtXLyiG2', 'react-user', '1', TO_CHAR(SYSDATE, 'YYYYMMDDHH24MISS'), 'system');

-- =============================================================
-- 3. v3_ 메뉴 데이터 (FWK_MENU — 56건)
-- =============================================================

-- ROOT
INSERT INTO FWK_MENU (MENU_ID, PRIOR_MENU_ID, SORT_ORDER, MENU_NAME, MENU_URL, DISPLAY_YN, USE_YN, LAST_UPDATE_DTIME, LAST_UPDATE_USER_ID)
VALUES ('v3_acl_manage', NULL, 0, '*', NULL, 'Y', 'Y', TO_CHAR(SYSDATE, 'YYYYMMDDHH24MISS'), 'system');

-- 1. 거래전문 관리
INSERT INTO FWK_MENU (MENU_ID, PRIOR_MENU_ID, SORT_ORDER, MENU_NAME, MENU_URL, DISPLAY_YN, USE_YN, LAST_UPDATE_DTIME, LAST_UPDATE_USER_ID)
VALUES ('v3_msg_manage', 'v3_acl_manage', 1, '거래전문 관리', NULL, 'Y', 'Y', TO_CHAR(SYSDATE, 'YYYYMMDDHH24MISS'), 'system');

INSERT INTO FWK_MENU (MENU_ID, PRIOR_MENU_ID, SORT_ORDER, MENU_NAME, MENU_URL, DISPLAY_YN, USE_YN, LAST_UPDATE_DTIME, LAST_UPDATE_USER_ID)
VALUES ('v3_msg_trx_manage', 'v3_msg_manage', 1, '거래 관리', '/transactions', 'Y', 'Y', TO_CHAR(SYSDATE, 'YYYYMMDDHH24MISS'), 'system');

INSERT INTO FWK_MENU (MENU_ID, PRIOR_MENU_ID, SORT_ORDER, MENU_NAME, MENU_URL, DISPLAY_YN, USE_YN, LAST_UPDATE_DTIME, LAST_UPDATE_USER_ID)
VALUES ('v3_message_manage', 'v3_msg_manage', 2, '전문 관리', '/messages', 'Y', 'Y', TO_CHAR(SYSDATE, 'YYYYMMDDHH24MISS'), 'system');

INSERT INTO FWK_MENU (MENU_ID, PRIOR_MENU_ID, SORT_ORDER, MENU_NAME, MENU_URL, DISPLAY_YN, USE_YN, LAST_UPDATE_DTIME, LAST_UPDATE_USER_ID)
VALUES ('v3_message_parsing_test', 'v3_msg_manage', 3, '전문로그파싱', '/message-parsing', 'Y', 'Y', TO_CHAR(SYSDATE, 'YYYYMMDDHH24MISS'), 'system');

INSERT INTO FWK_MENU (MENU_ID, PRIOR_MENU_ID, SORT_ORDER, MENU_NAME, MENU_URL, DISPLAY_YN, USE_YN, LAST_UPDATE_DTIME, LAST_UPDATE_USER_ID)
VALUES ('v3_message_parsing_json', 'v3_msg_manage', 4, '전문로그파싱 JSON', '/message-parsing/json', 'Y', 'Y', TO_CHAR(SYSDATE, 'YYYYMMDDHH24MISS'), 'system');

INSERT INTO FWK_MENU (MENU_ID, PRIOR_MENU_ID, SORT_ORDER, MENU_NAME, MENU_URL, DISPLAY_YN, USE_YN, LAST_UPDATE_DTIME, LAST_UPDATE_USER_ID)
VALUES ('v3_db_log', 'v3_msg_manage', 5, '거래추적로그조회', '/message-instances', 'Y', 'Y', TO_CHAR(SYSDATE, 'YYYYMMDDHH24MISS'), 'system');

INSERT INTO FWK_MENU (MENU_ID, PRIOR_MENU_ID, SORT_ORDER, MENU_NAME, MENU_URL, DISPLAY_YN, USE_YN, LAST_UPDATE_DTIME, LAST_UPDATE_USER_ID)
VALUES ('v3_trans_data_popup', 'v3_msg_manage', 6, '이행데이터 생성', '/trans-data/generation', 'Y', 'Y', TO_CHAR(SYSDATE, 'YYYYMMDDHH24MISS'), 'system');

INSERT INTO FWK_MENU (MENU_ID, PRIOR_MENU_ID, SORT_ORDER, MENU_NAME, MENU_URL, DISPLAY_YN, USE_YN, LAST_UPDATE_DTIME, LAST_UPDATE_USER_ID)
VALUES ('v3_trans_data_exec', 'v3_msg_manage', 7, '이행데이터 반영', '/trans-data', 'Y', 'Y', TO_CHAR(SYSDATE, 'YYYYMMDDHH24MISS'), 'system');

INSERT INTO FWK_MENU (MENU_ID, PRIOR_MENU_ID, SORT_ORDER, MENU_NAME, MENU_URL, DISPLAY_YN, USE_YN, LAST_UPDATE_DTIME, LAST_UPDATE_USER_ID)
VALUES ('v3_trans_data_list', 'v3_msg_manage', 8, '이행데이터 조회', '/trans-data/files', 'Y', 'Y', TO_CHAR(SYSDATE, 'YYYYMMDDHH24MISS'), 'system');

INSERT INTO FWK_MENU (MENU_ID, PRIOR_MENU_ID, SORT_ORDER, MENU_NAME, MENU_URL, DISPLAY_YN, USE_YN, LAST_UPDATE_DTIME, LAST_UPDATE_USER_ID)
VALUES ('v3_trx', 'v3_msg_manage', 9, '거래중지', '/transactions/trx-stop', 'Y', 'Y', TO_CHAR(SYSDATE, 'YYYYMMDDHH24MISS'), 'system');

INSERT INTO FWK_MENU (MENU_ID, PRIOR_MENU_ID, SORT_ORDER, MENU_NAME, MENU_URL, DISPLAY_YN, USE_YN, LAST_UPDATE_DTIME, LAST_UPDATE_USER_ID)
VALUES ('v3_req_message_test', 'v3_msg_manage', 10, '전문 테스트', '/message-tests', 'Y', 'Y', TO_CHAR(SYSDATE, 'YYYYMMDDHH24MISS'), 'system');

INSERT INTO FWK_MENU (MENU_ID, PRIOR_MENU_ID, SORT_ORDER, MENU_NAME, MENU_URL, DISPLAY_YN, USE_YN, LAST_UPDATE_DTIME, LAST_UPDATE_USER_ID)
VALUES ('v3_proxy_testdata', 'v3_msg_manage', 11, '당발 대응답', '/proxy-responses', 'Y', 'Y', TO_CHAR(SYSDATE, 'YYYYMMDDHH24MISS'), 'system');

INSERT INTO FWK_MENU (MENU_ID, PRIOR_MENU_ID, SORT_ORDER, MENU_NAME, MENU_URL, DISPLAY_YN, USE_YN, LAST_UPDATE_DTIME, LAST_UPDATE_USER_ID)
VALUES ('v3_trx_validator', 'v3_msg_manage', 12, '거래 validator', '/validators', 'Y', 'Y', TO_CHAR(SYSDATE, 'YYYYMMDDHH24MISS'), 'system');

INSERT INTO FWK_MENU (MENU_ID, PRIOR_MENU_ID, SORT_ORDER, MENU_NAME, MENU_URL, DISPLAY_YN, USE_YN, LAST_UPDATE_DTIME, LAST_UPDATE_USER_ID)
VALUES ('v3_code_template_manage', 'v3_msg_manage', 13, '코드 템플릿', '/code-templates', 'Y', 'Y', TO_CHAR(SYSDATE, 'YYYYMMDDHH24MISS'), 'system');

-- 2. Interface 관리
INSERT INTO FWK_MENU (MENU_ID, PRIOR_MENU_ID, SORT_ORDER, MENU_NAME, MENU_URL, DISPLAY_YN, USE_YN, LAST_UPDATE_DTIME, LAST_UPDATE_USER_ID)
VALUES ('v3_interface_manage', 'v3_acl_manage', 2, 'Interface 관리', NULL, 'Y', 'Y', TO_CHAR(SYSDATE, 'YYYYMMDDHH24MISS'), 'system');

INSERT INTO FWK_MENU (MENU_ID, PRIOR_MENU_ID, SORT_ORDER, MENU_NAME, MENU_URL, DISPLAY_YN, USE_YN, LAST_UPDATE_DTIME, LAST_UPDATE_USER_ID)
VALUES ('v3_connect_org_manage', 'v3_interface_manage', 1, '연계기관', '/orgs', 'Y', 'Y', TO_CHAR(SYSDATE, 'YYYYMMDDHH24MISS'), 'system');

INSERT INTO FWK_MENU (MENU_ID, PRIOR_MENU_ID, SORT_ORDER, MENU_NAME, MENU_URL, DISPLAY_YN, USE_YN, LAST_UPDATE_DTIME, LAST_UPDATE_USER_ID)
VALUES ('v3_gw_manage', 'v3_interface_manage', 2, 'Gateway', '/gateways', 'Y', 'Y', TO_CHAR(SYSDATE, 'YYYYMMDDHH24MISS'), 'system');

INSERT INTO FWK_MENU (MENU_ID, PRIOR_MENU_ID, SORT_ORDER, MENU_NAME, MENU_URL, DISPLAY_YN, USE_YN, LAST_UPDATE_DTIME, LAST_UPDATE_USER_ID)
VALUES ('v3_org_trans_manage', 'v3_interface_manage', 3, 'Gateway맵핑', '/gw-systems', 'Y', 'Y', TO_CHAR(SYSDATE, 'YYYYMMDDHH24MISS'), 'system');

INSERT INTO FWK_MENU (MENU_ID, PRIOR_MENU_ID, SORT_ORDER, MENU_NAME, MENU_URL, DISPLAY_YN, USE_YN, LAST_UPDATE_DTIME, LAST_UPDATE_USER_ID)
VALUES ('v3_msg_handle_manage', 'v3_interface_manage', 4, '핸들러', '/message-handlers', 'Y', 'Y', TO_CHAR(SYSDATE, 'YYYYMMDDHH24MISS'), 'system');

INSERT INTO FWK_MENU (MENU_ID, PRIOR_MENU_ID, SORT_ORDER, MENU_NAME, MENU_URL, DISPLAY_YN, USE_YN, LAST_UPDATE_DTIME, LAST_UPDATE_USER_ID)
VALUES ('v3_listener_connector_manage', 'v3_interface_manage', 5, '리스너', '/listener-trxs', 'Y', 'Y', TO_CHAR(SYSDATE, 'YYYYMMDDHH24MISS'), 'system');

INSERT INTO FWK_MENU (MENU_ID, PRIOR_MENU_ID, SORT_ORDER, MENU_NAME, MENU_URL, DISPLAY_YN, USE_YN, LAST_UPDATE_DTIME, LAST_UPDATE_USER_ID)
VALUES ('v3_was_status', 'v3_interface_manage', 6, 'Gateway정보', '/was-gateway-statuses', 'Y', 'Y', TO_CHAR(SYSDATE, 'YYYYMMDDHH24MISS'), 'system');

INSERT INTO FWK_MENU (MENU_ID, PRIOR_MENU_ID, SORT_ORDER, MENU_NAME, MENU_URL, DISPLAY_YN, USE_YN, LAST_UPDATE_DTIME, LAST_UPDATE_USER_ID)
VALUES ('v3_app_mapping_manage', 'v3_interface_manage', 7, 'App맵핑', '/transports', 'Y', 'Y', TO_CHAR(SYSDATE, 'YYYYMMDDHH24MISS'), 'system');

INSERT INTO FWK_MENU (MENU_ID, PRIOR_MENU_ID, SORT_ORDER, MENU_NAME, MENU_URL, DISPLAY_YN, USE_YN, LAST_UPDATE_DTIME, LAST_UPDATE_USER_ID)
VALUES ('v3_was_status_monitor', 'v3_interface_manage', 8, 'Gateway모니터링', '/was-status-monitors', 'Y', 'Y', TO_CHAR(SYSDATE, 'YYYYMMDDHH24MISS'), 'system');

-- 3. Code 관리
INSERT INTO FWK_MENU (MENU_ID, PRIOR_MENU_ID, SORT_ORDER, MENU_NAME, MENU_URL, DISPLAY_YN, USE_YN, LAST_UPDATE_DTIME, LAST_UPDATE_USER_ID)
VALUES ('v3_cd_manage', 'v3_acl_manage', 3, 'Code 관리', NULL, 'Y', 'Y', TO_CHAR(SYSDATE, 'YYYYMMDDHH24MISS'), 'system');

INSERT INTO FWK_MENU (MENU_ID, PRIOR_MENU_ID, SORT_ORDER, MENU_NAME, MENU_URL, DISPLAY_YN, USE_YN, LAST_UPDATE_DTIME, LAST_UPDATE_USER_ID)
VALUES ('v3_neb_code_group_manage', 'v3_cd_manage', 1, '코드그룹', '/code-groups', 'Y', 'Y', TO_CHAR(SYSDATE, 'YYYYMMDDHH24MISS'), 'system');

INSERT INTO FWK_MENU (MENU_ID, PRIOR_MENU_ID, SORT_ORDER, MENU_NAME, MENU_URL, DISPLAY_YN, USE_YN, LAST_UPDATE_DTIME, LAST_UPDATE_USER_ID)
VALUES ('v3_code_manage', 'v3_cd_manage', 2, '코드', '/codes', 'Y', 'Y', TO_CHAR(SYSDATE, 'YYYYMMDDHH24MISS'), 'system');

INSERT INTO FWK_MENU (MENU_ID, PRIOR_MENU_ID, SORT_ORDER, MENU_NAME, MENU_URL, DISPLAY_YN, USE_YN, LAST_UPDATE_DTIME, LAST_UPDATE_USER_ID)
VALUES ('v3_code_mapping_manage', 'v3_cd_manage', 3, '코드맵핑', '/codes/org-codes', 'Y', 'Y', TO_CHAR(SYSDATE, 'YYYYMMDDHH24MISS'), 'system');

-- 4. 운영 정보
INSERT INTO FWK_MENU (MENU_ID, PRIOR_MENU_ID, SORT_ORDER, MENU_NAME, MENU_URL, DISPLAY_YN, USE_YN, LAST_UPDATE_DTIME, LAST_UPDATE_USER_ID)
VALUES ('v3_opt_manage', 'v3_acl_manage', 4, '운영 정보', NULL, 'Y', 'Y', TO_CHAR(SYSDATE, 'YYYYMMDDHH24MISS'), 'system');

INSERT INTO FWK_MENU (MENU_ID, PRIOR_MENU_ID, SORT_ORDER, MENU_NAME, MENU_URL, DISPLAY_YN, USE_YN, LAST_UPDATE_DTIME, LAST_UPDATE_USER_ID)
VALUES ('v3_system_oper_manage', 'v3_opt_manage', 1, 'Reload', '/reload', 'Y', 'Y', TO_CHAR(SYSDATE, 'YYYYMMDDHH24MISS'), 'system');

INSERT INTO FWK_MENU (MENU_ID, PRIOR_MENU_ID, SORT_ORDER, MENU_NAME, MENU_URL, DISPLAY_YN, USE_YN, LAST_UPDATE_DTIME, LAST_UPDATE_USER_ID)
VALUES ('v3_property_db_manage', 'v3_opt_manage', 2, '프로퍼티 DB', '/properties', 'Y', 'Y', TO_CHAR(SYSDATE, 'YYYYMMDDHH24MISS'), 'system');

INSERT INTO FWK_MENU (MENU_ID, PRIOR_MENU_ID, SORT_ORDER, MENU_NAME, MENU_URL, DISPLAY_YN, USE_YN, LAST_UPDATE_DTIME, LAST_UPDATE_USER_ID)
VALUES ('v3_xml_property_manage', 'v3_opt_manage', 3, 'XML Property', '/xml-properties', 'Y', 'Y', TO_CHAR(SYSDATE, 'YYYYMMDDHH24MISS'), 'system');

INSERT INTO FWK_MENU (MENU_ID, PRIOR_MENU_ID, SORT_ORDER, MENU_NAME, MENU_URL, DISPLAY_YN, USE_YN, LAST_UPDATE_DTIME, LAST_UPDATE_USER_ID)
VALUES ('v3_log_level_manage', 'v3_opt_manage', 4, '로그레벨조정', '/log-levels', 'Y', 'Y', TO_CHAR(SYSDATE, 'YYYYMMDDHH24MISS'), 'system');

-- 5. 배치
INSERT INTO FWK_MENU (MENU_ID, PRIOR_MENU_ID, SORT_ORDER, MENU_NAME, MENU_URL, DISPLAY_YN, USE_YN, LAST_UPDATE_DTIME, LAST_UPDATE_USER_ID)
VALUES ('v3_batch_manage', 'v3_acl_manage', 5, '배치', NULL, 'Y', 'Y', TO_CHAR(SYSDATE, 'YYYYMMDDHH24MISS'), 'system');

INSERT INTO FWK_MENU (MENU_ID, PRIOR_MENU_ID, SORT_ORDER, MENU_NAME, MENU_URL, DISPLAY_YN, USE_YN, LAST_UPDATE_DTIME, LAST_UPDATE_USER_ID)
VALUES ('v3_batch_app_manage', 'v3_batch_manage', 1, '배치 App', '/batches/apps', 'Y', 'Y', TO_CHAR(SYSDATE, 'YYYYMMDDHH24MISS'), 'system');

INSERT INTO FWK_MENU (MENU_ID, PRIOR_MENU_ID, SORT_ORDER, MENU_NAME, MENU_URL, DISPLAY_YN, USE_YN, LAST_UPDATE_DTIME, LAST_UPDATE_USER_ID)
VALUES ('v3_batch_his_list', 'v3_batch_manage', 2, '수행내역', '/batches/history', 'Y', 'Y', TO_CHAR(SYSDATE, 'YYYYMMDDHH24MISS'), 'system');

-- 6. 오류
INSERT INTO FWK_MENU (MENU_ID, PRIOR_MENU_ID, SORT_ORDER, MENU_NAME, MENU_URL, DISPLAY_YN, USE_YN, LAST_UPDATE_DTIME, LAST_UPDATE_USER_ID)
VALUES ('v3_error_manage', 'v3_acl_manage', 6, '오류', NULL, 'Y', 'Y', TO_CHAR(SYSDATE, 'YYYYMMDDHH24MISS'), 'system');

INSERT INTO FWK_MENU (MENU_ID, PRIOR_MENU_ID, SORT_ORDER, MENU_NAME, MENU_URL, DISPLAY_YN, USE_YN, LAST_UPDATE_DTIME, LAST_UPDATE_USER_ID)
VALUES ('v3_error_cause_his', 'v3_error_manage', 1, '오류현황', '/error-histories', 'Y', 'Y', TO_CHAR(SYSDATE, 'YYYYMMDDHH24MISS'), 'system');

INSERT INTO FWK_MENU (MENU_ID, PRIOR_MENU_ID, SORT_ORDER, MENU_NAME, MENU_URL, DISPLAY_YN, USE_YN, LAST_UPDATE_DTIME, LAST_UPDATE_USER_ID)
VALUES ('v3_error_code', 'v3_error_manage', 2, '오류코드', '/error-codes', 'Y', 'Y', TO_CHAR(SYSDATE, 'YYYYMMDDHH24MISS'), 'system');

-- 7. WAS
INSERT INTO FWK_MENU (MENU_ID, PRIOR_MENU_ID, SORT_ORDER, MENU_NAME, MENU_URL, DISPLAY_YN, USE_YN, LAST_UPDATE_DTIME, LAST_UPDATE_USER_ID)
VALUES ('v3_was_manage', 'v3_acl_manage', 7, 'WAS', NULL, 'Y', 'Y', TO_CHAR(SYSDATE, 'YYYYMMDDHH24MISS'), 'system');

INSERT INTO FWK_MENU (MENU_ID, PRIOR_MENU_ID, SORT_ORDER, MENU_NAME, MENU_URL, DISPLAY_YN, USE_YN, LAST_UPDATE_DTIME, LAST_UPDATE_USER_ID)
VALUES ('v3_was_group_manage', 'v3_was_manage', 1, 'WAS 그룹', '/was-groups', 'Y', 'Y', TO_CHAR(SYSDATE, 'YYYYMMDDHH24MISS'), 'system');

INSERT INTO FWK_MENU (MENU_ID, PRIOR_MENU_ID, SORT_ORDER, MENU_NAME, MENU_URL, DISPLAY_YN, USE_YN, LAST_UPDATE_DTIME, LAST_UPDATE_USER_ID)
VALUES ('v3_was_instance', 'v3_was_manage', 2, 'WAS 인스턴스', '/was-instances', 'Y', 'Y', TO_CHAR(SYSDATE, 'YYYYMMDDHH24MISS'), 'system');

-- 8. 관리자 모니터링
INSERT INTO FWK_MENU (MENU_ID, PRIOR_MENU_ID, SORT_ORDER, MENU_NAME, MENU_URL, DISPLAY_YN, USE_YN, LAST_UPDATE_DTIME, LAST_UPDATE_USER_ID)
VALUES ('v3_admin_monitor', 'v3_acl_manage', 8, '관리자 모니터링', NULL, 'Y', 'Y', TO_CHAR(SYSDATE, 'YYYYMMDDHH24MISS'), 'system');

INSERT INTO FWK_MENU (MENU_ID, PRIOR_MENU_ID, SORT_ORDER, MENU_NAME, MENU_URL, DISPLAY_YN, USE_YN, LAST_UPDATE_DTIME, LAST_UPDATE_USER_ID)
VALUES ('v3_system_biz_reg', 'v3_admin_monitor', 1, '현황판', '/monitors', 'Y', 'Y', TO_CHAR(SYSDATE, 'YYYYMMDDHH24MISS'), 'system');

INSERT INTO FWK_MENU (MENU_ID, PRIOR_MENU_ID, SORT_ORDER, MENU_NAME, MENU_URL, DISPLAY_YN, USE_YN, LAST_UPDATE_DTIME, LAST_UPDATE_USER_ID)
VALUES ('v3_access_user_id', 'v3_admin_monitor', 2, '중지거래 접근허용자', '/stop-transaction-accessors', 'Y', 'Y', TO_CHAR(SYSDATE, 'YYYYMMDDHH24MISS'), 'system');

INSERT INTO FWK_MENU (MENU_ID, PRIOR_MENU_ID, SORT_ORDER, MENU_NAME, MENU_URL, DISPLAY_YN, USE_YN, LAST_UPDATE_DTIME, LAST_UPDATE_USER_ID)
VALUES ('v3_trx_stop_his', 'v3_admin_monitor', 3, '거래중지이력', '/admin-histories/trx-stop-history', 'Y', 'Y', TO_CHAR(SYSDATE, 'YYYYMMDDHH24MISS'), 'system');

INSERT INTO FWK_MENU (MENU_ID, PRIOR_MENU_ID, SORT_ORDER, MENU_NAME, MENU_URL, DISPLAY_YN, USE_YN, LAST_UPDATE_DTIME, LAST_UPDATE_USER_ID)
VALUES ('v3_user_page_log', 'v3_admin_monitor', 4, '작업이력 로그', '/admin-histories', 'Y', 'Y', TO_CHAR(SYSDATE, 'YYYYMMDDHH24MISS'), 'system');

-- 9. 사용자관리
INSERT INTO FWK_MENU (MENU_ID, PRIOR_MENU_ID, SORT_ORDER, MENU_NAME, MENU_URL, DISPLAY_YN, USE_YN, LAST_UPDATE_DTIME, LAST_UPDATE_USER_ID)
VALUES ('v3_fwk_user_manage', 'v3_acl_manage', 9, '사용자관리', NULL, 'Y', 'Y', TO_CHAR(SYSDATE, 'YYYYMMDDHH24MISS'), 'system');

INSERT INTO FWK_MENU (MENU_ID, PRIOR_MENU_ID, SORT_ORDER, MENU_NAME, MENU_URL, DISPLAY_YN, USE_YN, LAST_UPDATE_DTIME, LAST_UPDATE_USER_ID)
VALUES ('v3_user_manage', 'v3_fwk_user_manage', 1, '사용자', '/users', 'Y', 'Y', TO_CHAR(SYSDATE, 'YYYYMMDDHH24MISS'), 'system');

INSERT INTO FWK_MENU (MENU_ID, PRIOR_MENU_ID, SORT_ORDER, MENU_NAME, MENU_URL, DISPLAY_YN, USE_YN, LAST_UPDATE_DTIME, LAST_UPDATE_USER_ID)
VALUES ('v3_menu_manage', 'v3_fwk_user_manage', 2, '메뉴', '/menus', 'Y', 'Y', TO_CHAR(SYSDATE, 'YYYYMMDDHH24MISS'), 'system');

INSERT INTO FWK_MENU (MENU_ID, PRIOR_MENU_ID, SORT_ORDER, MENU_NAME, MENU_URL, DISPLAY_YN, USE_YN, LAST_UPDATE_DTIME, LAST_UPDATE_USER_ID)
VALUES ('v3_role_manage', 'v3_fwk_user_manage', 3, '역할', '/roles', 'Y', 'Y', TO_CHAR(SYSDATE, 'YYYYMMDDHH24MISS'), 'system');

INSERT INTO FWK_MENU (MENU_ID, PRIOR_MENU_ID, SORT_ORDER, MENU_NAME, MENU_URL, DISPLAY_YN, USE_YN, LAST_UPDATE_DTIME, LAST_UPDATE_USER_ID)
VALUES ('v3_my_info_manage', 'v3_fwk_user_manage', 4, '개인정보', '/users/profile', 'Y', 'Y', TO_CHAR(SYSDATE, 'YYYYMMDDHH24MISS'), 'system');

-- 10. 게시판
INSERT INTO FWK_MENU (MENU_ID, PRIOR_MENU_ID, SORT_ORDER, MENU_NAME, MENU_URL, DISPLAY_YN, USE_YN, LAST_UPDATE_DTIME, LAST_UPDATE_USER_ID)
VALUES ('v3_BOARD', 'v3_acl_manage', 10, '게시판', NULL, 'Y', 'Y', TO_CHAR(SYSDATE, 'YYYYMMDDHH24MISS'), 'system');

INSERT INTO FWK_MENU (MENU_ID, PRIOR_MENU_ID, SORT_ORDER, MENU_NAME, MENU_URL, DISPLAY_YN, USE_YN, LAST_UPDATE_DTIME, LAST_UPDATE_USER_ID)
VALUES ('v3_board_manage', 'v3_BOARD', 1, '게시판 관리', '/boards', 'Y', 'Y', TO_CHAR(SYSDATE, 'YYYYMMDDHH24MISS'), 'system');

INSERT INTO FWK_MENU (MENU_ID, PRIOR_MENU_ID, SORT_ORDER, MENU_NAME, MENU_URL, DISPLAY_YN, USE_YN, LAST_UPDATE_DTIME, LAST_UPDATE_USER_ID)
VALUES ('v3_BOARD_AUTH', 'v3_BOARD', 2, '게시판 권한', '/boards/auth', 'Y', 'Y', TO_CHAR(SYSDATE, 'YYYYMMDDHH24MISS'), 'system');

INSERT INTO FWK_MENU (MENU_ID, PRIOR_MENU_ID, SORT_ORDER, MENU_NAME, MENU_URL, DISPLAY_YN, USE_YN, LAST_UPDATE_DTIME, LAST_UPDATE_USER_ID)
VALUES ('v3_FWKB_NOTICE_BOARD', 'v3_BOARD', 3, '공지사항', '/articles/notice-board', 'Y', 'Y', TO_CHAR(SYSDATE, 'YYYYMMDDHH24MISS'), 'system');

INSERT INTO FWK_MENU (MENU_ID, PRIOR_MENU_ID, SORT_ORDER, MENU_NAME, MENU_URL, DISPLAY_YN, USE_YN, LAST_UPDATE_DTIME, LAST_UPDATE_USER_ID)
VALUES ('v3_FWKB_TEST_BOARD', 'v3_BOARD', 4, '게시판', '/articles/test-board', 'Y', 'Y', TO_CHAR(SYSDATE, 'YYYYMMDDHH24MISS'), 'system');


-- =============================================================
-- 3-1. 게시판 초기 데이터 (FWK_BOARD, FWK_BOARD_AUTH)
-- =============================================================
INSERT INTO FWK_BOARD (BOARD_ID, BOARD_NAME, BOARD_TYPE, ADMIN_ID, LAST_UPDATE_DTIME, LAST_UPDATE_USER_ID)
VALUES ('notice-board', '공지사항', 'N', 'admin', TO_CHAR(SYSDATE, 'YYYYMMDDHH24MISS'), 'system');

INSERT INTO FWK_BOARD (BOARD_ID, BOARD_NAME, BOARD_TYPE, ADMIN_ID, LAST_UPDATE_DTIME, LAST_UPDATE_USER_ID)
VALUES ('test-board', '게시판', 'F', 'admin', TO_CHAR(SYSDATE, 'YYYYMMDDHH24MISS'), 'system');

INSERT INTO FWK_BOARD_AUTH (USER_ID, BOARD_ID, AUTH_CODE, LAST_UPDATE_DTIME, LAST_UPDATE_USER_ID)
VALUES ('admin', 'notice-board', 'W', TO_CHAR(SYSDATE, 'YYYYMMDDHH24MISS'), 'system');

INSERT INTO FWK_BOARD_AUTH (USER_ID, BOARD_ID, AUTH_CODE, LAST_UPDATE_DTIME, LAST_UPDATE_USER_ID)
VALUES ('admin', 'test-board', 'W', TO_CHAR(SYSDATE, 'YYYYMMDDHH24MISS'), 'system');

-- =============================================================
-- 4. admin 사용자에 전체 메뉴 WRITE 권한 부여 (FWK_USER_MENU)
-- =============================================================
INSERT INTO FWK_USER_MENU (USER_ID, MENU_ID, AUTH_CODE, LAST_UPDATE_DTIME, LAST_UPDATE_USER_ID) VALUES ('admin', 'v3_acl_manage', 'W', TO_CHAR(SYSDATE, 'YYYYMMDDHH24MISS'), 'system');
INSERT INTO FWK_USER_MENU (USER_ID, MENU_ID, AUTH_CODE, LAST_UPDATE_DTIME, LAST_UPDATE_USER_ID) VALUES ('admin', 'v3_msg_manage', 'W', TO_CHAR(SYSDATE, 'YYYYMMDDHH24MISS'), 'system');
INSERT INTO FWK_USER_MENU (USER_ID, MENU_ID, AUTH_CODE, LAST_UPDATE_DTIME, LAST_UPDATE_USER_ID) VALUES ('admin', 'v3_msg_trx_manage', 'W', TO_CHAR(SYSDATE, 'YYYYMMDDHH24MISS'), 'system');
INSERT INTO FWK_USER_MENU (USER_ID, MENU_ID, AUTH_CODE, LAST_UPDATE_DTIME, LAST_UPDATE_USER_ID) VALUES ('admin', 'v3_message_manage', 'W', TO_CHAR(SYSDATE, 'YYYYMMDDHH24MISS'), 'system');
INSERT INTO FWK_USER_MENU (USER_ID, MENU_ID, AUTH_CODE, LAST_UPDATE_DTIME, LAST_UPDATE_USER_ID) VALUES ('admin', 'v3_message_parsing_test', 'W', TO_CHAR(SYSDATE, 'YYYYMMDDHH24MISS'), 'system');
INSERT INTO FWK_USER_MENU (USER_ID, MENU_ID, AUTH_CODE, LAST_UPDATE_DTIME, LAST_UPDATE_USER_ID) VALUES ('admin', 'v3_message_parsing_json', 'W', TO_CHAR(SYSDATE, 'YYYYMMDDHH24MISS'), 'system');
INSERT INTO FWK_USER_MENU (USER_ID, MENU_ID, AUTH_CODE, LAST_UPDATE_DTIME, LAST_UPDATE_USER_ID) VALUES ('admin', 'v3_db_log', 'W', TO_CHAR(SYSDATE, 'YYYYMMDDHH24MISS'), 'system');
INSERT INTO FWK_USER_MENU (USER_ID, MENU_ID, AUTH_CODE, LAST_UPDATE_DTIME, LAST_UPDATE_USER_ID) VALUES ('admin', 'v3_trans_data_popup', 'W', TO_CHAR(SYSDATE, 'YYYYMMDDHH24MISS'), 'system');
INSERT INTO FWK_USER_MENU (USER_ID, MENU_ID, AUTH_CODE, LAST_UPDATE_DTIME, LAST_UPDATE_USER_ID) VALUES ('admin', 'v3_trans_data_exec', 'W', TO_CHAR(SYSDATE, 'YYYYMMDDHH24MISS'), 'system');
INSERT INTO FWK_USER_MENU (USER_ID, MENU_ID, AUTH_CODE, LAST_UPDATE_DTIME, LAST_UPDATE_USER_ID) VALUES ('admin', 'v3_trans_data_list', 'W', TO_CHAR(SYSDATE, 'YYYYMMDDHH24MISS'), 'system');
INSERT INTO FWK_USER_MENU (USER_ID, MENU_ID, AUTH_CODE, LAST_UPDATE_DTIME, LAST_UPDATE_USER_ID) VALUES ('admin', 'v3_trx', 'W', TO_CHAR(SYSDATE, 'YYYYMMDDHH24MISS'), 'system');
INSERT INTO FWK_USER_MENU (USER_ID, MENU_ID, AUTH_CODE, LAST_UPDATE_DTIME, LAST_UPDATE_USER_ID) VALUES ('admin', 'v3_req_message_test', 'W', TO_CHAR(SYSDATE, 'YYYYMMDDHH24MISS'), 'system');
INSERT INTO FWK_USER_MENU (USER_ID, MENU_ID, AUTH_CODE, LAST_UPDATE_DTIME, LAST_UPDATE_USER_ID) VALUES ('admin', 'v3_proxy_testdata', 'W', TO_CHAR(SYSDATE, 'YYYYMMDDHH24MISS'), 'system');
INSERT INTO FWK_USER_MENU (USER_ID, MENU_ID, AUTH_CODE, LAST_UPDATE_DTIME, LAST_UPDATE_USER_ID) VALUES ('admin', 'v3_trx_validator', 'W', TO_CHAR(SYSDATE, 'YYYYMMDDHH24MISS'), 'system');
INSERT INTO FWK_USER_MENU (USER_ID, MENU_ID, AUTH_CODE, LAST_UPDATE_DTIME, LAST_UPDATE_USER_ID) VALUES ('admin', 'v3_code_template_manage', 'W', TO_CHAR(SYSDATE, 'YYYYMMDDHH24MISS'), 'system');
INSERT INTO FWK_USER_MENU (USER_ID, MENU_ID, AUTH_CODE, LAST_UPDATE_DTIME, LAST_UPDATE_USER_ID) VALUES ('admin', 'v3_interface_manage', 'W', TO_CHAR(SYSDATE, 'YYYYMMDDHH24MISS'), 'system');
INSERT INTO FWK_USER_MENU (USER_ID, MENU_ID, AUTH_CODE, LAST_UPDATE_DTIME, LAST_UPDATE_USER_ID) VALUES ('admin', 'v3_connect_org_manage', 'W', TO_CHAR(SYSDATE, 'YYYYMMDDHH24MISS'), 'system');
INSERT INTO FWK_USER_MENU (USER_ID, MENU_ID, AUTH_CODE, LAST_UPDATE_DTIME, LAST_UPDATE_USER_ID) VALUES ('admin', 'v3_gw_manage', 'W', TO_CHAR(SYSDATE, 'YYYYMMDDHH24MISS'), 'system');
INSERT INTO FWK_USER_MENU (USER_ID, MENU_ID, AUTH_CODE, LAST_UPDATE_DTIME, LAST_UPDATE_USER_ID) VALUES ('admin', 'v3_org_trans_manage', 'W', TO_CHAR(SYSDATE, 'YYYYMMDDHH24MISS'), 'system');
INSERT INTO FWK_USER_MENU (USER_ID, MENU_ID, AUTH_CODE, LAST_UPDATE_DTIME, LAST_UPDATE_USER_ID) VALUES ('admin', 'v3_msg_handle_manage', 'W', TO_CHAR(SYSDATE, 'YYYYMMDDHH24MISS'), 'system');
INSERT INTO FWK_USER_MENU (USER_ID, MENU_ID, AUTH_CODE, LAST_UPDATE_DTIME, LAST_UPDATE_USER_ID) VALUES ('admin', 'v3_listener_connector_manage', 'W', TO_CHAR(SYSDATE, 'YYYYMMDDHH24MISS'), 'system');
INSERT INTO FWK_USER_MENU (USER_ID, MENU_ID, AUTH_CODE, LAST_UPDATE_DTIME, LAST_UPDATE_USER_ID) VALUES ('admin', 'v3_was_status', 'W', TO_CHAR(SYSDATE, 'YYYYMMDDHH24MISS'), 'system');
INSERT INTO FWK_USER_MENU (USER_ID, MENU_ID, AUTH_CODE, LAST_UPDATE_DTIME, LAST_UPDATE_USER_ID) VALUES ('admin', 'v3_app_mapping_manage', 'W', TO_CHAR(SYSDATE, 'YYYYMMDDHH24MISS'), 'system');
INSERT INTO FWK_USER_MENU (USER_ID, MENU_ID, AUTH_CODE, LAST_UPDATE_DTIME, LAST_UPDATE_USER_ID) VALUES ('admin', 'v3_was_status_monitor', 'W', TO_CHAR(SYSDATE, 'YYYYMMDDHH24MISS'), 'system');
INSERT INTO FWK_USER_MENU (USER_ID, MENU_ID, AUTH_CODE, LAST_UPDATE_DTIME, LAST_UPDATE_USER_ID) VALUES ('admin', 'v3_cd_manage', 'W', TO_CHAR(SYSDATE, 'YYYYMMDDHH24MISS'), 'system');
INSERT INTO FWK_USER_MENU (USER_ID, MENU_ID, AUTH_CODE, LAST_UPDATE_DTIME, LAST_UPDATE_USER_ID) VALUES ('admin', 'v3_neb_code_group_manage', 'W', TO_CHAR(SYSDATE, 'YYYYMMDDHH24MISS'), 'system');
INSERT INTO FWK_USER_MENU (USER_ID, MENU_ID, AUTH_CODE, LAST_UPDATE_DTIME, LAST_UPDATE_USER_ID) VALUES ('admin', 'v3_code_manage', 'W', TO_CHAR(SYSDATE, 'YYYYMMDDHH24MISS'), 'system');
INSERT INTO FWK_USER_MENU (USER_ID, MENU_ID, AUTH_CODE, LAST_UPDATE_DTIME, LAST_UPDATE_USER_ID) VALUES ('admin', 'v3_code_mapping_manage', 'W', TO_CHAR(SYSDATE, 'YYYYMMDDHH24MISS'), 'system');
INSERT INTO FWK_USER_MENU (USER_ID, MENU_ID, AUTH_CODE, LAST_UPDATE_DTIME, LAST_UPDATE_USER_ID) VALUES ('admin', 'v3_opt_manage', 'W', TO_CHAR(SYSDATE, 'YYYYMMDDHH24MISS'), 'system');
INSERT INTO FWK_USER_MENU (USER_ID, MENU_ID, AUTH_CODE, LAST_UPDATE_DTIME, LAST_UPDATE_USER_ID) VALUES ('admin', 'v3_system_oper_manage', 'W', TO_CHAR(SYSDATE, 'YYYYMMDDHH24MISS'), 'system');
INSERT INTO FWK_USER_MENU (USER_ID, MENU_ID, AUTH_CODE, LAST_UPDATE_DTIME, LAST_UPDATE_USER_ID) VALUES ('admin', 'v3_property_db_manage', 'W', TO_CHAR(SYSDATE, 'YYYYMMDDHH24MISS'), 'system');
INSERT INTO FWK_USER_MENU (USER_ID, MENU_ID, AUTH_CODE, LAST_UPDATE_DTIME, LAST_UPDATE_USER_ID) VALUES ('admin', 'v3_xml_property_manage', 'W', TO_CHAR(SYSDATE, 'YYYYMMDDHH24MISS'), 'system');
INSERT INTO FWK_USER_MENU (USER_ID, MENU_ID, AUTH_CODE, LAST_UPDATE_DTIME, LAST_UPDATE_USER_ID) VALUES ('admin', 'v3_log_level_manage', 'W', TO_CHAR(SYSDATE, 'YYYYMMDDHH24MISS'), 'system');
INSERT INTO FWK_USER_MENU (USER_ID, MENU_ID, AUTH_CODE, LAST_UPDATE_DTIME, LAST_UPDATE_USER_ID) VALUES ('admin', 'v3_batch_manage', 'W', TO_CHAR(SYSDATE, 'YYYYMMDDHH24MISS'), 'system');
INSERT INTO FWK_USER_MENU (USER_ID, MENU_ID, AUTH_CODE, LAST_UPDATE_DTIME, LAST_UPDATE_USER_ID) VALUES ('admin', 'v3_batch_app_manage', 'W', TO_CHAR(SYSDATE, 'YYYYMMDDHH24MISS'), 'system');
INSERT INTO FWK_USER_MENU (USER_ID, MENU_ID, AUTH_CODE, LAST_UPDATE_DTIME, LAST_UPDATE_USER_ID) VALUES ('admin', 'v3_batch_his_list', 'W', TO_CHAR(SYSDATE, 'YYYYMMDDHH24MISS'), 'system');
INSERT INTO FWK_USER_MENU (USER_ID, MENU_ID, AUTH_CODE, LAST_UPDATE_DTIME, LAST_UPDATE_USER_ID) VALUES ('admin', 'v3_error_manage', 'W', TO_CHAR(SYSDATE, 'YYYYMMDDHH24MISS'), 'system');
INSERT INTO FWK_USER_MENU (USER_ID, MENU_ID, AUTH_CODE, LAST_UPDATE_DTIME, LAST_UPDATE_USER_ID) VALUES ('admin', 'v3_error_cause_his', 'W', TO_CHAR(SYSDATE, 'YYYYMMDDHH24MISS'), 'system');
INSERT INTO FWK_USER_MENU (USER_ID, MENU_ID, AUTH_CODE, LAST_UPDATE_DTIME, LAST_UPDATE_USER_ID) VALUES ('admin', 'v3_error_code', 'W', TO_CHAR(SYSDATE, 'YYYYMMDDHH24MISS'), 'system');
INSERT INTO FWK_USER_MENU (USER_ID, MENU_ID, AUTH_CODE, LAST_UPDATE_DTIME, LAST_UPDATE_USER_ID) VALUES ('admin', 'v3_was_manage', 'W', TO_CHAR(SYSDATE, 'YYYYMMDDHH24MISS'), 'system');
INSERT INTO FWK_USER_MENU (USER_ID, MENU_ID, AUTH_CODE, LAST_UPDATE_DTIME, LAST_UPDATE_USER_ID) VALUES ('admin', 'v3_was_group_manage', 'W', TO_CHAR(SYSDATE, 'YYYYMMDDHH24MISS'), 'system');
INSERT INTO FWK_USER_MENU (USER_ID, MENU_ID, AUTH_CODE, LAST_UPDATE_DTIME, LAST_UPDATE_USER_ID) VALUES ('admin', 'v3_was_instance', 'W', TO_CHAR(SYSDATE, 'YYYYMMDDHH24MISS'), 'system');
INSERT INTO FWK_USER_MENU (USER_ID, MENU_ID, AUTH_CODE, LAST_UPDATE_DTIME, LAST_UPDATE_USER_ID) VALUES ('admin', 'v3_admin_monitor', 'W', TO_CHAR(SYSDATE, 'YYYYMMDDHH24MISS'), 'system');
INSERT INTO FWK_USER_MENU (USER_ID, MENU_ID, AUTH_CODE, LAST_UPDATE_DTIME, LAST_UPDATE_USER_ID) VALUES ('admin', 'v3_system_biz_reg', 'W', TO_CHAR(SYSDATE, 'YYYYMMDDHH24MISS'), 'system');
INSERT INTO FWK_USER_MENU (USER_ID, MENU_ID, AUTH_CODE, LAST_UPDATE_DTIME, LAST_UPDATE_USER_ID) VALUES ('admin', 'v3_access_user_id', 'W', TO_CHAR(SYSDATE, 'YYYYMMDDHH24MISS'), 'system');
INSERT INTO FWK_USER_MENU (USER_ID, MENU_ID, AUTH_CODE, LAST_UPDATE_DTIME, LAST_UPDATE_USER_ID) VALUES ('admin', 'v3_trx_stop_his', 'W', TO_CHAR(SYSDATE, 'YYYYMMDDHH24MISS'), 'system');
INSERT INTO FWK_USER_MENU (USER_ID, MENU_ID, AUTH_CODE, LAST_UPDATE_DTIME, LAST_UPDATE_USER_ID) VALUES ('admin', 'v3_user_page_log', 'W', TO_CHAR(SYSDATE, 'YYYYMMDDHH24MISS'), 'system');
INSERT INTO FWK_USER_MENU (USER_ID, MENU_ID, AUTH_CODE, LAST_UPDATE_DTIME, LAST_UPDATE_USER_ID) VALUES ('admin', 'v3_fwk_user_manage', 'W', TO_CHAR(SYSDATE, 'YYYYMMDDHH24MISS'), 'system');
INSERT INTO FWK_USER_MENU (USER_ID, MENU_ID, AUTH_CODE, LAST_UPDATE_DTIME, LAST_UPDATE_USER_ID) VALUES ('admin', 'v3_user_manage', 'W', TO_CHAR(SYSDATE, 'YYYYMMDDHH24MISS'), 'system');
INSERT INTO FWK_USER_MENU (USER_ID, MENU_ID, AUTH_CODE, LAST_UPDATE_DTIME, LAST_UPDATE_USER_ID) VALUES ('admin', 'v3_menu_manage', 'W', TO_CHAR(SYSDATE, 'YYYYMMDDHH24MISS'), 'system');
INSERT INTO FWK_USER_MENU (USER_ID, MENU_ID, AUTH_CODE, LAST_UPDATE_DTIME, LAST_UPDATE_USER_ID) VALUES ('admin', 'v3_role_manage', 'W', TO_CHAR(SYSDATE, 'YYYYMMDDHH24MISS'), 'system');
INSERT INTO FWK_USER_MENU (USER_ID, MENU_ID, AUTH_CODE, LAST_UPDATE_DTIME, LAST_UPDATE_USER_ID) VALUES ('admin', 'v3_my_info_manage', 'W', TO_CHAR(SYSDATE, 'YYYYMMDDHH24MISS'), 'system');
INSERT INTO FWK_USER_MENU (USER_ID, MENU_ID, AUTH_CODE, LAST_UPDATE_DTIME, LAST_UPDATE_USER_ID) VALUES ('admin', 'v3_BOARD', 'W', TO_CHAR(SYSDATE, 'YYYYMMDDHH24MISS'), 'system');
INSERT INTO FWK_USER_MENU (USER_ID, MENU_ID, AUTH_CODE, LAST_UPDATE_DTIME, LAST_UPDATE_USER_ID) VALUES ('admin', 'v3_board_manage', 'W', TO_CHAR(SYSDATE, 'YYYYMMDDHH24MISS'), 'system');
INSERT INTO FWK_USER_MENU (USER_ID, MENU_ID, AUTH_CODE, LAST_UPDATE_DTIME, LAST_UPDATE_USER_ID) VALUES ('admin', 'v3_BOARD_AUTH', 'W', TO_CHAR(SYSDATE, 'YYYYMMDDHH24MISS'), 'system');
INSERT INTO FWK_USER_MENU (USER_ID, MENU_ID, AUTH_CODE, LAST_UPDATE_DTIME, LAST_UPDATE_USER_ID) VALUES ('admin', 'v3_FWKB_NOTICE_BOARD', 'W', TO_CHAR(SYSDATE, 'YYYYMMDDHH24MISS'), 'system');
INSERT INTO FWK_USER_MENU (USER_ID, MENU_ID, AUTH_CODE, LAST_UPDATE_DTIME, LAST_UPDATE_USER_ID) VALUES ('admin', 'v3_FWKB_TEST_BOARD', 'W', TO_CHAR(SYSDATE, 'YYYYMMDDHH24MISS'), 'system');
INSERT INTO FWK_USER_MENU (USER_ID, MENU_ID, AUTH_CODE, LAST_UPDATE_DTIME, LAST_UPDATE_USER_ID) VALUES ('admin', 'v3_service_manage', 'W', TO_CHAR(SYSDATE, 'YYYYMMDDHH24MISS'), 'system');
INSERT INTO FWK_USER_MENU (USER_ID, MENU_ID, AUTH_CODE, LAST_UPDATE_DTIME, LAST_UPDATE_USER_ID) VALUES ('admin', 'v3_neb_service_base_info', 'W', TO_CHAR(SYSDATE, 'YYYYMMDDHH24MISS'), 'system');
INSERT INTO FWK_USER_MENU (USER_ID, MENU_ID, AUTH_CODE, LAST_UPDATE_DTIME, LAST_UPDATE_USER_ID) VALUES ('admin', 'v3_neb_biz_component', 'W', TO_CHAR(SYSDATE, 'YYYYMMDDHH24MISS'), 'system');
INSERT INTO FWK_USER_MENU (USER_ID, MENU_ID, AUTH_CODE, LAST_UPDATE_DTIME, LAST_UPDATE_USER_ID) VALUES ('admin', 'v3_validator_component', 'W', TO_CHAR(SYSDATE, 'YYYYMMDDHH24MISS'), 'system');
INSERT INTO FWK_USER_MENU (USER_ID, MENU_ID, AUTH_CODE, LAST_UPDATE_DTIME, LAST_UPDATE_USER_ID) VALUES ('admin', 'v3_biz_app', 'W', TO_CHAR(SYSDATE, 'YYYYMMDDHH24MISS'), 'system');
INSERT INTO FWK_USER_MENU (USER_ID, MENU_ID, AUTH_CODE, LAST_UPDATE_DTIME, LAST_UPDATE_USER_ID) VALUES ('admin', 'v3_sql_query_manage', 'W', TO_CHAR(SYSDATE, 'YYYYMMDDHH24MISS'), 'system');
INSERT INTO FWK_USER_MENU (USER_ID, MENU_ID, AUTH_CODE, LAST_UPDATE_DTIME, LAST_UPDATE_USER_ID) VALUES ('admin', 'v3_sql_dataSource_manage', 'W', TO_CHAR(SYSDATE, 'YYYYMMDDHH24MISS'), 'system');


-- =============================================================
-- 5. ADMIN 역할에 전체 메뉴 WRITE 권한 부여 (FWK_ROLE_MENU)
-- =============================================================
INSERT INTO FWK_ROLE_MENU (ROLE_ID, MENU_ID, AUTH_CODE) VALUES ('ADMIN', 'v3_acl_manage', 'W');
INSERT INTO FWK_ROLE_MENU (ROLE_ID, MENU_ID, AUTH_CODE) VALUES ('ADMIN', 'v3_msg_manage', 'W');
INSERT INTO FWK_ROLE_MENU (ROLE_ID, MENU_ID, AUTH_CODE) VALUES ('ADMIN', 'v3_msg_trx_manage', 'W');
INSERT INTO FWK_ROLE_MENU (ROLE_ID, MENU_ID, AUTH_CODE) VALUES ('ADMIN', 'v3_message_manage', 'W');
INSERT INTO FWK_ROLE_MENU (ROLE_ID, MENU_ID, AUTH_CODE) VALUES ('ADMIN', 'v3_message_parsing_test', 'W');
INSERT INTO FWK_ROLE_MENU (ROLE_ID, MENU_ID, AUTH_CODE) VALUES ('ADMIN', 'v3_message_parsing_json', 'W');
INSERT INTO FWK_ROLE_MENU (ROLE_ID, MENU_ID, AUTH_CODE) VALUES ('ADMIN', 'v3_db_log', 'W');
INSERT INTO FWK_ROLE_MENU (ROLE_ID, MENU_ID, AUTH_CODE) VALUES ('ADMIN', 'v3_trans_data_popup', 'W');
INSERT INTO FWK_ROLE_MENU (ROLE_ID, MENU_ID, AUTH_CODE) VALUES ('ADMIN', 'v3_trans_data_exec', 'W');
INSERT INTO FWK_ROLE_MENU (ROLE_ID, MENU_ID, AUTH_CODE) VALUES ('ADMIN', 'v3_trans_data_list', 'W');
INSERT INTO FWK_ROLE_MENU (ROLE_ID, MENU_ID, AUTH_CODE) VALUES ('ADMIN', 'v3_trx', 'W');
INSERT INTO FWK_ROLE_MENU (ROLE_ID, MENU_ID, AUTH_CODE) VALUES ('ADMIN', 'v3_req_message_test', 'W');
INSERT INTO FWK_ROLE_MENU (ROLE_ID, MENU_ID, AUTH_CODE) VALUES ('ADMIN', 'v3_proxy_testdata', 'W');
INSERT INTO FWK_ROLE_MENU (ROLE_ID, MENU_ID, AUTH_CODE) VALUES ('ADMIN', 'v3_trx_validator', 'W');
INSERT INTO FWK_ROLE_MENU (ROLE_ID, MENU_ID, AUTH_CODE) VALUES ('ADMIN', 'v3_code_template_manage', 'W');
INSERT INTO FWK_ROLE_MENU (ROLE_ID, MENU_ID, AUTH_CODE) VALUES ('ADMIN', 'v3_interface_manage', 'W');
INSERT INTO FWK_ROLE_MENU (ROLE_ID, MENU_ID, AUTH_CODE) VALUES ('ADMIN', 'v3_connect_org_manage', 'W');
INSERT INTO FWK_ROLE_MENU (ROLE_ID, MENU_ID, AUTH_CODE) VALUES ('ADMIN', 'v3_gw_manage', 'W');
INSERT INTO FWK_ROLE_MENU (ROLE_ID, MENU_ID, AUTH_CODE) VALUES ('ADMIN', 'v3_org_trans_manage', 'W');
INSERT INTO FWK_ROLE_MENU (ROLE_ID, MENU_ID, AUTH_CODE) VALUES ('ADMIN', 'v3_msg_handle_manage', 'W');
INSERT INTO FWK_ROLE_MENU (ROLE_ID, MENU_ID, AUTH_CODE) VALUES ('ADMIN', 'v3_listener_connector_manage', 'W');
INSERT INTO FWK_ROLE_MENU (ROLE_ID, MENU_ID, AUTH_CODE) VALUES ('ADMIN', 'v3_was_status', 'W');
INSERT INTO FWK_ROLE_MENU (ROLE_ID, MENU_ID, AUTH_CODE) VALUES ('ADMIN', 'v3_app_mapping_manage', 'W');
INSERT INTO FWK_ROLE_MENU (ROLE_ID, MENU_ID, AUTH_CODE) VALUES ('ADMIN', 'v3_was_status_monitor', 'W');
INSERT INTO FWK_ROLE_MENU (ROLE_ID, MENU_ID, AUTH_CODE) VALUES ('ADMIN', 'v3_cd_manage', 'W');
INSERT INTO FWK_ROLE_MENU (ROLE_ID, MENU_ID, AUTH_CODE) VALUES ('ADMIN', 'v3_neb_code_group_manage', 'W');
INSERT INTO FWK_ROLE_MENU (ROLE_ID, MENU_ID, AUTH_CODE) VALUES ('ADMIN', 'v3_code_manage', 'W');
INSERT INTO FWK_ROLE_MENU (ROLE_ID, MENU_ID, AUTH_CODE) VALUES ('ADMIN', 'v3_code_mapping_manage', 'W');
INSERT INTO FWK_ROLE_MENU (ROLE_ID, MENU_ID, AUTH_CODE) VALUES ('ADMIN', 'v3_opt_manage', 'W');
INSERT INTO FWK_ROLE_MENU (ROLE_ID, MENU_ID, AUTH_CODE) VALUES ('ADMIN', 'v3_system_oper_manage', 'W');
INSERT INTO FWK_ROLE_MENU (ROLE_ID, MENU_ID, AUTH_CODE) VALUES ('ADMIN', 'v3_property_db_manage', 'W');
INSERT INTO FWK_ROLE_MENU (ROLE_ID, MENU_ID, AUTH_CODE) VALUES ('ADMIN', 'v3_xml_property_manage', 'W');
INSERT INTO FWK_ROLE_MENU (ROLE_ID, MENU_ID, AUTH_CODE) VALUES ('ADMIN', 'v3_log_level_manage', 'W');
INSERT INTO FWK_ROLE_MENU (ROLE_ID, MENU_ID, AUTH_CODE) VALUES ('ADMIN', 'v3_batch_manage', 'W');
INSERT INTO FWK_ROLE_MENU (ROLE_ID, MENU_ID, AUTH_CODE) VALUES ('ADMIN', 'v3_batch_app_manage', 'W');
INSERT INTO FWK_ROLE_MENU (ROLE_ID, MENU_ID, AUTH_CODE) VALUES ('ADMIN', 'v3_batch_his_list', 'W');
INSERT INTO FWK_ROLE_MENU (ROLE_ID, MENU_ID, AUTH_CODE) VALUES ('ADMIN', 'v3_error_manage', 'W');
INSERT INTO FWK_ROLE_MENU (ROLE_ID, MENU_ID, AUTH_CODE) VALUES ('ADMIN', 'v3_error_cause_his', 'W');
INSERT INTO FWK_ROLE_MENU (ROLE_ID, MENU_ID, AUTH_CODE) VALUES ('ADMIN', 'v3_error_code', 'W');
INSERT INTO FWK_ROLE_MENU (ROLE_ID, MENU_ID, AUTH_CODE) VALUES ('ADMIN', 'v3_was_manage', 'W');
INSERT INTO FWK_ROLE_MENU (ROLE_ID, MENU_ID, AUTH_CODE) VALUES ('ADMIN', 'v3_was_group_manage', 'W');
INSERT INTO FWK_ROLE_MENU (ROLE_ID, MENU_ID, AUTH_CODE) VALUES ('ADMIN', 'v3_was_instance', 'W');
INSERT INTO FWK_ROLE_MENU (ROLE_ID, MENU_ID, AUTH_CODE) VALUES ('ADMIN', 'v3_admin_monitor', 'W');
INSERT INTO FWK_ROLE_MENU (ROLE_ID, MENU_ID, AUTH_CODE) VALUES ('ADMIN', 'v3_system_biz_reg', 'W');
INSERT INTO FWK_ROLE_MENU (ROLE_ID, MENU_ID, AUTH_CODE) VALUES ('ADMIN', 'v3_access_user_id', 'W');
INSERT INTO FWK_ROLE_MENU (ROLE_ID, MENU_ID, AUTH_CODE) VALUES ('ADMIN', 'v3_trx_stop_his', 'W');
INSERT INTO FWK_ROLE_MENU (ROLE_ID, MENU_ID, AUTH_CODE) VALUES ('ADMIN', 'v3_user_page_log', 'W');
INSERT INTO FWK_ROLE_MENU (ROLE_ID, MENU_ID, AUTH_CODE) VALUES ('ADMIN', 'v3_fwk_user_manage', 'W');
INSERT INTO FWK_ROLE_MENU (ROLE_ID, MENU_ID, AUTH_CODE) VALUES ('ADMIN', 'v3_user_manage', 'W');
INSERT INTO FWK_ROLE_MENU (ROLE_ID, MENU_ID, AUTH_CODE) VALUES ('ADMIN', 'v3_menu_manage', 'W');
INSERT INTO FWK_ROLE_MENU (ROLE_ID, MENU_ID, AUTH_CODE) VALUES ('ADMIN', 'v3_role_manage', 'W');
INSERT INTO FWK_ROLE_MENU (ROLE_ID, MENU_ID, AUTH_CODE) VALUES ('ADMIN', 'v3_my_info_manage', 'W');
INSERT INTO FWK_ROLE_MENU (ROLE_ID, MENU_ID, AUTH_CODE) VALUES ('ADMIN', 'v3_BOARD', 'W');
INSERT INTO FWK_ROLE_MENU (ROLE_ID, MENU_ID, AUTH_CODE) VALUES ('ADMIN', 'v3_board_manage', 'W');
INSERT INTO FWK_ROLE_MENU (ROLE_ID, MENU_ID, AUTH_CODE) VALUES ('ADMIN', 'v3_BOARD_AUTH', 'W');
INSERT INTO FWK_ROLE_MENU (ROLE_ID, MENU_ID, AUTH_CODE) VALUES ('ADMIN', 'v3_FWKB_NOTICE_BOARD', 'W');
INSERT INTO FWK_ROLE_MENU (ROLE_ID, MENU_ID, AUTH_CODE) VALUES ('ADMIN', 'v3_FWKB_TEST_BOARD', 'W');

--
INSERT INTO FWK_MENU (MENU_ID, PRIOR_MENU_ID, SORT_ORDER, MENU_NAME, MENU_URL, DISPLAY_YN, USE_YN, LAST_UPDATE_DTIME, LAST_UPDATE_USER_ID)
VALUES ('v3_service_manage', 'v3_acl_manage', 11, '서비스관리', 'NaN', 'Y', 'Y', TO_CHAR(SYSDATE, 'YYYYMMDDHH24MISS'), 'system');

INSERT INTO FWK_MENU (MENU_ID, PRIOR_MENU_ID, SORT_ORDER, MENU_NAME, MENU_URL, DISPLAY_YN, USE_YN, LAST_UPDATE_DTIME, LAST_UPDATE_USER_ID)
VALUES ('v3_neb_service_base_info', 'v3_service_manage', 1, '서비스 관리', '/fwk-services', 'Y', 'Y', TO_CHAR(SYSDATE, 'YYYYMMDDHH24MISS'), 'system');

INSERT INTO FWK_MENU (MENU_ID, PRIOR_MENU_ID, SORT_ORDER, MENU_NAME, MENU_URL, DISPLAY_YN, USE_YN, LAST_UPDATE_DTIME, LAST_UPDATE_USER_ID)
VALUES ('v3_neb_biz_component', 'v3_service_manage', 2, '컴포넌트 관리', '/components', 'Y', 'Y', TO_CHAR(SYSDATE, 'YYYYMMDDHH24MISS'), 'system');

INSERT INTO FWK_MENU (MENU_ID, PRIOR_MENU_ID, SORT_ORDER, MENU_NAME, MENU_URL, DISPLAY_YN, USE_YN, LAST_UPDATE_DTIME, LAST_UPDATE_USER_ID)
VALUES ('v3_validator_component', 'v3_service_manage', 3, 'Validator 컴포넌트', '/validation', 'Y', 'Y', TO_CHAR(SYSDATE, 'YYYYMMDDHH24MISS'), 'system');

INSERT INTO FWK_MENU (MENU_ID, PRIOR_MENU_ID, SORT_ORDER, MENU_NAME, MENU_URL, DISPLAY_YN, USE_YN, LAST_UPDATE_DTIME, LAST_UPDATE_USER_ID)
VALUES ('v3_biz_app', 'v3_service_manage', 4, 'Biz 컴포넌트', '/biz-apps', 'Y', 'Y', TO_CHAR(SYSDATE, 'YYYYMMDDHH24MISS'), 'system');

INSERT INTO FWK_MENU (MENU_ID, PRIOR_MENU_ID, SORT_ORDER, MENU_NAME, MENU_URL, DISPLAY_YN, USE_YN, LAST_UPDATE_DTIME, LAST_UPDATE_USER_ID)
VALUES ('v3_sql_query_manage', 'v3_service_manage', 5, 'SQL Query 관리', '/sql-queries', 'Y', 'Y', TO_CHAR(SYSDATE, 'YYYYMMDDHH24MISS'), 'system');

INSERT INTO FWK_MENU (MENU_ID, PRIOR_MENU_ID, SORT_ORDER, MENU_NAME, MENU_URL, DISPLAY_YN, USE_YN, LAST_UPDATE_DTIME, LAST_UPDATE_USER_ID)
VALUES ('v3_sql_dataSource_manage', 'v3_service_manage', 6, '데이터소스 관리', '/datasources', 'Y', 'Y', TO_CHAR(SYSDATE, 'YYYYMMDDHH24MISS'), 'system');

INSERT INTO FWK_ROLE_MENU (ROLE_ID, MENU_ID, AUTH_CODE) VALUES ('ADMIN', 'v3_service_manage', 'W');
INSERT INTO FWK_ROLE_MENU (ROLE_ID, MENU_ID, AUTH_CODE) VALUES ('ADMIN', 'v3_neb_service_base_info', 'W');
INSERT INTO FWK_ROLE_MENU (ROLE_ID, MENU_ID, AUTH_CODE) VALUES ('ADMIN', 'v3_neb_biz_component', 'W');
INSERT INTO FWK_ROLE_MENU (ROLE_ID, MENU_ID, AUTH_CODE) VALUES ('ADMIN', 'v3_validator_component', 'W');
INSERT INTO FWK_ROLE_MENU (ROLE_ID, MENU_ID, AUTH_CODE) VALUES ('ADMIN', 'v3_biz_app', 'W');
INSERT INTO FWK_ROLE_MENU (ROLE_ID, MENU_ID, AUTH_CODE) VALUES ('ADMIN', 'v3_sql_query_manage', 'W');
INSERT INTO FWK_ROLE_MENU (ROLE_ID, MENU_ID, AUTH_CODE) VALUES ('ADMIN', 'v3_sql_dataSource_manage', 'W');

-- ============================================================
-- 긴급공지 관리 (emergency-notice-manage)
-- ============================================================

-- 1depth: 긴급공지 (v3_acl_manage 하위, MENU_URL=NULL → 클릭 시 2depth 토글 펼침)
INSERT INTO FWK_MENU (MENU_ID, PRIOR_MENU_ID, SORT_ORDER, MENU_NAME, MENU_URL, DISPLAY_YN, USE_YN, LAST_UPDATE_DTIME, LAST_UPDATE_USER_ID)
VALUES ('v3_emergency_notice', 'v3_acl_manage', 12, '긴급공지', NULL, 'Y', 'Y', TO_CHAR(SYSDATE, 'YYYYMMDDHH24MISS'), 'system');

-- 2depth: 긴급공지 생성 (v3_emergency_notice 하위)
INSERT INTO FWK_MENU (MENU_ID, PRIOR_MENU_ID, SORT_ORDER, MENU_NAME, MENU_URL, DISPLAY_YN, USE_YN, LAST_UPDATE_DTIME, LAST_UPDATE_USER_ID)
VALUES ('v3_emergency_notice_manage', 'v3_emergency_notice', 1, '긴급공지 생성', '/emergency-notices', 'Y', 'Y', TO_CHAR(SYSDATE, 'YYYYMMDDHH24MISS'), 'system');

-- 2depth: 긴급공지 배포 관리 (v3_emergency_notice 하위)
INSERT INTO FWK_MENU (MENU_ID, PRIOR_MENU_ID, SORT_ORDER, MENU_NAME, MENU_URL, DISPLAY_YN, USE_YN, LAST_UPDATE_DTIME, LAST_UPDATE_USER_ID)
VALUES ('v3_emergency_notice_deploy_manage', 'v3_emergency_notice', 2, '긴급공지 배포 관리', '/emergency-notice-deploys', 'Y', 'Y', TO_CHAR(SYSDATE, 'YYYYMMDDHH24MISS'), 'system');

-- ADMIN 역할 권한 등록
INSERT INTO FWK_ROLE_MENU (ROLE_ID, MENU_ID, AUTH_CODE) VALUES ('ADMIN', 'v3_emergency_notice_manage', 'W');
INSERT INTO FWK_ROLE_MENU (ROLE_ID, MENU_ID, AUTH_CODE) VALUES ('ADMIN', 'v3_emergency_notice_deploy_manage', 'W');

-- FWK_PROPERTY 긴급공지 초기 데이터 (notice 그룹)
-- ASIS 구조: PROPERTY_DESC = 제목, DEFAULT_VALUE = 내용
INSERT INTO FWK_PROPERTY (PROPERTY_GROUP_ID, PROPERTY_ID, PROPERTY_NAME, PROPERTY_DESC, DATA_TYPE, VALID_DATA, DEFAULT_VALUE, LAST_UPDATE_USER_ID, LAST_UPDATE_DTIME)
VALUES ('notice', 'EMERGENCY_KO', 'EMERGENCY_KO', '', 'C', NULL, '', 'system', TO_CHAR(SYSDATE, 'YYYYMMDDHH24MISS'));

INSERT INTO FWK_PROPERTY (PROPERTY_GROUP_ID, PROPERTY_ID, PROPERTY_NAME, PROPERTY_DESC, DATA_TYPE, VALID_DATA, DEFAULT_VALUE, LAST_UPDATE_USER_ID, LAST_UPDATE_DTIME)
VALUES ('notice', 'EMERGENCY_EN', 'EMERGENCY_EN', '', 'C', NULL, '', 'system', TO_CHAR(SYSDATE, 'YYYYMMDDHH24MISS'));

-- USE_YN: 노출 타입 (A~N) + 배포 상태 초기값 DRAFT
-- 04_alter_tables.sql 실행 전에는 DEPLOY_STATUS 컬럼이 없으므로,
-- 04_alter_tables.sql 실행 후 UPDATE로 DEPLOY_STATUS='DRAFT'가 세팅됨
INSERT INTO FWK_PROPERTY (PROPERTY_GROUP_ID, PROPERTY_ID, PROPERTY_NAME, PROPERTY_DESC, DATA_TYPE, VALID_DATA, DEFAULT_VALUE, LAST_UPDATE_USER_ID, LAST_UPDATE_DTIME)
VALUES ('notice', 'USE_YN', 'USE_YN', '긴급공지사용여부', 'C', 'A,B,C,N', 'N', 'system', TO_CHAR(SYSDATE, 'YYYYMMDDHH24MISS'));

-- 닫기 버튼 노출 여부 (Y: 닫기 버튼 있음 / N: 강제 노출 — critical 장애 시 사용자 접근 차단용)
INSERT INTO FWK_PROPERTY (PROPERTY_GROUP_ID, PROPERTY_ID, PROPERTY_NAME, PROPERTY_DESC, DATA_TYPE, VALID_DATA, DEFAULT_VALUE, LAST_UPDATE_USER_ID, LAST_UPDATE_DTIME)
VALUES ('notice', 'CLOSEABLE_YN', '닫기 버튼', '공지 모달 닫기 버튼 노출 여부', 'C', 'Y,N', 'Y', 'system', TO_CHAR(SYSDATE, 'YYYYMMDDHH24MISS'));

-- 오늘 하루 보지 않기 체크박스 노출 여부 (Y: 표시 / N: 숨김)
INSERT INTO FWK_PROPERTY (PROPERTY_GROUP_ID, PROPERTY_ID, PROPERTY_NAME, PROPERTY_DESC, DATA_TYPE, VALID_DATA, DEFAULT_VALUE, LAST_UPDATE_USER_ID, LAST_UPDATE_DTIME)
VALUES ('notice', 'HIDE_TODAY_YN', '오늘 하루 보지 않기', '오늘 하루 보지 않기 체크박스 노출 여부', 'C', 'Y,N', 'Y', 'system', TO_CHAR(SYSDATE, 'YYYYMMDDHH24MISS'));

-- =============================================================
-- 코드 템플릿 기본 데이터 (FWK_CODE_TEMPLATE)
-- =============================================================

INSERT INTO FWK_CODE_TEMPLATE (TEMPLATE_ID, TEMPLATE_NAME, TEMPLATE_TYPE, TEMPLATE_BODY, DESCRIPTION, USE_YN, SORT_ORDER, LAST_UPDATE_USER_ID)
VALUES (
    'PRE_HANDLER',
    'PreHandler',
    'JAVA',
    'package ${packageName};

import spider.spiderlink.context.MessageContext;
import spider.spiderlink.engine.adapter.tcp.BaseOrgInHandler;
import spider.common.util.DataMap;

/**
 * ${trxName} 거래 전처리 핸들러
 * 거래 ID : ${trxId}
 */
public class ${className}PreHandler extends BaseOrgInHandler {

    @Override
    protected DataMap doPreProcess(MessageContext messageContext, DataMap dataMap) throws Exception {
        // TODO: 전처리 로직 구현
        return dataMap;
    }
}',
    '거래 전처리 핸들러 템플릿 (BaseOrgInHandler 상속)',
    'Y',
    1,
    'system'
);

INSERT INTO FWK_CODE_TEMPLATE (TEMPLATE_ID, TEMPLATE_NAME, TEMPLATE_TYPE, TEMPLATE_BODY, DESCRIPTION, USE_YN, SORT_ORDER, LAST_UPDATE_USER_ID)
VALUES (
    'SERVICE',
    'Service',
    'JAVA',
    'package ${packageName};

import spider.service.engine.BaseServiceHandler;
import spider.spiderlink.context.MessageContext;
import spider.common.util.DataMap;

/**
 * ${trxName} 거래 서비스
 * 거래 ID : ${trxId}
 */
public class ${className}Service extends BaseServiceHandler {

    @Override
    public DataMap doProcess(MessageContext messageContext, DataMap dataMap) throws Exception {
        // TODO: 비즈니스 로직 구현
        return dataMap;
    }
}',
    '거래 서비스 핸들러 템플릿 (BaseServiceHandler 상속)',
    'Y',
    2,
    'system'
);

INSERT INTO FWK_CODE_TEMPLATE (TEMPLATE_ID, TEMPLATE_NAME, TEMPLATE_TYPE, TEMPLATE_BODY, DESCRIPTION, USE_YN, SORT_ORDER, LAST_UPDATE_USER_ID)
VALUES (
    'POST_HANDLER',
    'PostHandler',
    'JAVA',
    'package ${packageName};

import spider.spiderlink.context.MessageContext;
import spider.spiderlink.engine.adapter.tcp.BaseOrgHandler;
import spider.common.util.DataMap;

/**
 * ${trxName} 거래 후처리 핸들러
 * 거래 ID : ${trxId}
 */
public class ${className}PostHandler extends BaseOrgHandler {

    @Override
    protected DataMap doPostProcess(MessageContext messageContext, DataMap dataMap) throws Exception {
        // TODO: 후처리 로직 구현
        return dataMap;
    }
}',
    '거래 후처리 핸들러 템플릿 (BaseOrgHandler 상속)',
    'Y',
    3,
    'system'
);

INSERT INTO FWK_CODE_TEMPLATE (TEMPLATE_ID, TEMPLATE_NAME, TEMPLATE_TYPE, TEMPLATE_BODY, DESCRIPTION, USE_YN, SORT_ORDER, LAST_UPDATE_USER_ID)
VALUES (
    'DTO',
    'DTO',
    'JAVA',
    'package ${packageName};

<#if needsBigDecimal>import java.math.BigDecimal;
</#if><#if needsList>import java.util.List;
</#if>
import lombok.AllArgsConstructor;
import lombok.Builder;
import lombok.Data;
import lombok.NoArgsConstructor;

/**
 * 전문 ID : ${messageId}
 * 전문명 : ${messageName}
 *
 * <p>⚠ 자동 생성된 코드입니다. 패키지명은 실제 환경에 맞게 수정하세요.
 */
@Data
@NoArgsConstructor
@AllArgsConstructor
@Builder
public class ${className}Dto {

${fieldDeclarations}
}',
    '전문 필드 기반 Java DTO 템플릿 (Lombok 사용)',
    'Y',
    4,
    'system'
);

-- CMS extension menus (sort_order 13 to avoid conflict with emergency_notice at 12)
INSERT INTO FWK_MENU (MENU_ID, PRIOR_MENU_ID, SORT_ORDER, MENU_NAME, MENU_URL, DISPLAY_YN, USE_YN, LAST_UPDATE_DTIME, LAST_UPDATE_USER_ID)
VALUES ('v3_cms_manage', 'v3_acl_manage', 13, 'CMS', '/cms/user-dashboard', 'Y', 'Y', TO_CHAR(SYSDATE, 'YYYYMMDDHH24MISS'), 'system');

INSERT INTO FWK_MENU (MENU_ID, PRIOR_MENU_ID, SORT_ORDER, MENU_NAME, MENU_URL, DISPLAY_YN, USE_YN, LAST_UPDATE_DTIME, LAST_UPDATE_USER_ID)
VALUES ('v3_cms_dashboard', 'v3_cms_manage', 1, 'CMS 작업자 대시보드', '/cms/dashboard', 'N', 'Y', TO_CHAR(SYSDATE, 'YYYYMMDDHH24MISS'), 'system');

INSERT INTO FWK_MENU (MENU_ID, PRIOR_MENU_ID, SORT_ORDER, MENU_NAME, MENU_URL, DISPLAY_YN, USE_YN, LAST_UPDATE_DTIME, LAST_UPDATE_USER_ID)
VALUES ('v3_cms_approve', 'v3_cms_manage', 2, 'CMS 관리자 승인 관리', '/cms/approve', 'N', 'N', TO_CHAR(SYSDATE, 'YYYYMMDDHH24MISS'), 'system');

INSERT INTO FWK_MENU (MENU_ID, PRIOR_MENU_ID, SORT_ORDER, MENU_NAME, MENU_URL, DISPLAY_YN, USE_YN, LAST_UPDATE_DTIME, LAST_UPDATE_USER_ID)
VALUES ('v3_cms_edit', 'v3_cms_manage', 3, 'CMS 편집', '/cms/edit', 'N', 'Y', TO_CHAR(SYSDATE, 'YYYYMMDDHH24MISS'), 'system');

INSERT INTO FWK_MENU (MENU_ID, PRIOR_MENU_ID, SORT_ORDER, MENU_NAME, MENU_URL, DISPLAY_YN, USE_YN, LAST_UPDATE_DTIME, LAST_UPDATE_USER_ID)
VALUES ('v3_cms_files', 'v3_cms_manage', 4, 'CMS 파일 관리', '/cms/files', 'N', 'N', TO_CHAR(SYSDATE, 'YYYYMMDDHH24MISS'), 'system');

INSERT INTO FWK_MENU (MENU_ID, PRIOR_MENU_ID, SORT_ORDER, MENU_NAME, MENU_URL, DISPLAY_YN, USE_YN, LAST_UPDATE_DTIME, LAST_UPDATE_USER_ID)
VALUES ('v3_cms_admin_pages', 'v3_cms_manage', 10, 'CMS 페이지 관리', '/cms-admin/pages', 'N', 'N', TO_CHAR(SYSDATE, 'YYYYMMDDHH24MISS'), 'system');

INSERT INTO FWK_MENU (MENU_ID, PRIOR_MENU_ID, SORT_ORDER, MENU_NAME, MENU_URL, DISPLAY_YN, USE_YN, LAST_UPDATE_DTIME, LAST_UPDATE_USER_ID)
VALUES ('v3_cms_admin_approvals', 'v3_cms_manage', 11, 'CMS 승인 관리', '/cms-admin/approvals', 'Y', 'Y', TO_CHAR(SYSDATE, 'YYYYMMDDHH24MISS'), 'system');

INSERT INTO FWK_MENU (MENU_ID, PRIOR_MENU_ID, SORT_ORDER, MENU_NAME, MENU_URL, DISPLAY_YN, USE_YN, LAST_UPDATE_DTIME, LAST_UPDATE_USER_ID)
VALUES ('v3_cms_admin_files', 'v3_cms_manage', 12, 'CMS 리소스 검토', '/cms-admin/files', 'N', 'N', TO_CHAR(SYSDATE, 'YYYYMMDDHH24MISS'), 'system');

INSERT INTO FWK_MENU (MENU_ID, PRIOR_MENU_ID, SORT_ORDER, MENU_NAME, MENU_URL, DISPLAY_YN, USE_YN, LAST_UPDATE_DTIME, LAST_UPDATE_USER_ID)
VALUES ('v3_cms_admin_ab_tests', 'v3_cms_manage', 13, 'CMS A/B 관리', '/cms-admin/ab-tests', 'Y', 'Y', TO_CHAR(SYSDATE, 'YYYYMMDDHH24MISS'), 'system');

INSERT INTO FWK_MENU (MENU_ID, PRIOR_MENU_ID, SORT_ORDER, MENU_NAME, MENU_URL, DISPLAY_YN, USE_YN, LAST_UPDATE_DTIME, LAST_UPDATE_USER_ID)
VALUES ('v3_cms_admin_deployments', 'v3_cms_manage', 14, 'CMS 배포 관리', '/cms-admin/deployments', 'Y', 'Y', TO_CHAR(SYSDATE, 'YYYYMMDDHH24MISS'), 'system');

INSERT INTO FWK_MENU (MENU_ID, PRIOR_MENU_ID, SORT_ORDER, MENU_NAME, MENU_URL, DISPLAY_YN, USE_YN, LAST_UPDATE_DTIME, LAST_UPDATE_USER_ID)
VALUES ('v3_cms_admin_statistics', 'v3_cms_manage', 15, 'CMS 통계', '/cms-admin/statistics', 'Y', 'Y', TO_CHAR(SYSDATE, 'YYYYMMDDHH24MISS'), 'system');

INSERT INTO FWK_MENU (MENU_ID, PRIOR_MENU_ID, SORT_ORDER, MENU_NAME, MENU_URL, DISPLAY_YN, USE_YN, LAST_UPDATE_DTIME, LAST_UPDATE_USER_ID)
VALUES ('v3_cms_admin_components', 'v3_cms_manage', 16, 'CMS 컴포넌트 관리', '/cms-admin/components', 'Y', 'Y', TO_CHAR(SYSDATE, 'YYYYMMDDHH24MISS'), 'system');

INSERT INTO FWK_MENU (MENU_ID, PRIOR_MENU_ID, SORT_ORDER, MENU_NAME, MENU_URL, DISPLAY_YN, USE_YN, LAST_UPDATE_DTIME, LAST_UPDATE_USER_ID)
VALUES ('v3_cms_admin_asset_requests', 'v3_cms_manage', 17, 'CMS 이미지 승인 요청', '/cms-admin/asset-requests', 'Y', 'Y', TO_CHAR(SYSDATE, 'YYYYMMDDHH24MISS'), 'system');

INSERT INTO FWK_MENU (MENU_ID, PRIOR_MENU_ID, SORT_ORDER, MENU_NAME, MENU_URL, DISPLAY_YN, USE_YN, LAST_UPDATE_DTIME, LAST_UPDATE_USER_ID)
VALUES ('v3_cms_admin_asset_approvals', 'v3_cms_manage', 18, 'CMS 이미지 승인 관리', '/cms-admin/asset-approvals', 'Y', 'Y', TO_CHAR(SYSDATE, 'YYYYMMDDHH24MISS'), 'system');

INSERT INTO FWK_ROLE_MENU (ROLE_ID, MENU_ID, AUTH_CODE) VALUES ('ADMIN', 'v3_cms_manage', 'W');
INSERT INTO FWK_ROLE_MENU (ROLE_ID, MENU_ID, AUTH_CODE) VALUES ('ADMIN', 'v3_cms_admin_approvals', 'W');
INSERT INTO FWK_ROLE_MENU (ROLE_ID, MENU_ID, AUTH_CODE) VALUES ('ADMIN', 'v3_cms_admin_ab_tests', 'W');
INSERT INTO FWK_ROLE_MENU (ROLE_ID, MENU_ID, AUTH_CODE) VALUES ('ADMIN', 'v3_cms_admin_deployments', 'W');
INSERT INTO FWK_ROLE_MENU (ROLE_ID, MENU_ID, AUTH_CODE) VALUES ('ADMIN', 'v3_cms_admin_statistics', 'W');
INSERT INTO FWK_ROLE_MENU (ROLE_ID, MENU_ID, AUTH_CODE) VALUES ('ADMIN', 'v3_cms_admin_components', 'W');
INSERT INTO FWK_ROLE_MENU (ROLE_ID, MENU_ID, AUTH_CODE) VALUES ('ADMIN', 'v3_cms_admin_asset_requests', 'W');
INSERT INTO FWK_ROLE_MENU (ROLE_ID, MENU_ID, AUTH_CODE) VALUES ('ADMIN', 'v3_cms_admin_asset_approvals', 'W');
INSERT INTO FWK_ROLE_MENU (ROLE_ID, MENU_ID, AUTH_CODE) VALUES ('itdev', 'v3_cms_manage', 'W');
INSERT INTO FWK_ROLE_MENU (ROLE_ID, MENU_ID, AUTH_CODE) VALUES ('itdev', 'v3_cms_dashboard', 'W');
INSERT INTO FWK_ROLE_MENU (ROLE_ID, MENU_ID, AUTH_CODE) VALUES ('itdev', 'v3_cms_edit', 'W');

INSERT INTO FWK_USER_MENU (USER_ID, MENU_ID, AUTH_CODE, LAST_UPDATE_DTIME, LAST_UPDATE_USER_ID) VALUES ('admin', 'v3_cms_manage', 'W', TO_CHAR(SYSDATE, 'YYYYMMDDHH24MISS'), 'system');
INSERT INTO FWK_USER_MENU (USER_ID, MENU_ID, AUTH_CODE, LAST_UPDATE_DTIME, LAST_UPDATE_USER_ID) VALUES ('admin', 'v3_cms_admin_approvals', 'W', TO_CHAR(SYSDATE, 'YYYYMMDDHH24MISS'), 'system');
INSERT INTO FWK_USER_MENU (USER_ID, MENU_ID, AUTH_CODE, LAST_UPDATE_DTIME, LAST_UPDATE_USER_ID) VALUES ('admin', 'v3_cms_admin_ab_tests', 'W', TO_CHAR(SYSDATE, 'YYYYMMDDHH24MISS'), 'system');
INSERT INTO FWK_USER_MENU (USER_ID, MENU_ID, AUTH_CODE, LAST_UPDATE_DTIME, LAST_UPDATE_USER_ID) VALUES ('admin', 'v3_cms_admin_deployments', 'W', TO_CHAR(SYSDATE, 'YYYYMMDDHH24MISS'), 'system');
INSERT INTO FWK_USER_MENU (USER_ID, MENU_ID, AUTH_CODE, LAST_UPDATE_DTIME, LAST_UPDATE_USER_ID) VALUES ('admin', 'v3_cms_admin_statistics', 'W', TO_CHAR(SYSDATE, 'YYYYMMDDHH24MISS'), 'system');
INSERT INTO FWK_USER_MENU (USER_ID, MENU_ID, AUTH_CODE, LAST_UPDATE_DTIME, LAST_UPDATE_USER_ID) VALUES ('admin', 'v3_cms_admin_components', 'W', TO_CHAR(SYSDATE, 'YYYYMMDDHH24MISS'), 'system');
INSERT INTO FWK_USER_MENU (USER_ID, MENU_ID, AUTH_CODE, LAST_UPDATE_DTIME, LAST_UPDATE_USER_ID) VALUES ('admin', 'v3_cms_admin_asset_requests', 'W', TO_CHAR(SYSDATE, 'YYYYMMDDHH24MISS'), 'system');
INSERT INTO FWK_USER_MENU (USER_ID, MENU_ID, AUTH_CODE, LAST_UPDATE_DTIME, LAST_UPDATE_USER_ID) VALUES ('admin', 'v3_cms_admin_asset_approvals', 'W', TO_CHAR(SYSDATE, 'YYYYMMDDHH24MISS'), 'system');
INSERT INTO FWK_USER_MENU (USER_ID, MENU_ID, AUTH_CODE, LAST_UPDATE_DTIME, LAST_UPDATE_USER_ID) VALUES ('cmsAdmin01', 'v3_acl_manage', 'W', TO_CHAR(SYSDATE, 'YYYYMMDDHH24MISS'), 'system');
INSERT INTO FWK_USER_MENU (USER_ID, MENU_ID, AUTH_CODE, LAST_UPDATE_DTIME, LAST_UPDATE_USER_ID) VALUES ('cmsAdmin01', 'v3_cms_manage', 'W', TO_CHAR(SYSDATE, 'YYYYMMDDHH24MISS'), 'system');
INSERT INTO FWK_USER_MENU (USER_ID, MENU_ID, AUTH_CODE, LAST_UPDATE_DTIME, LAST_UPDATE_USER_ID) VALUES ('cmsAdmin01', 'v3_cms_admin_approvals', 'W', TO_CHAR(SYSDATE, 'YYYYMMDDHH24MISS'), 'system');
INSERT INTO FWK_USER_MENU (USER_ID, MENU_ID, AUTH_CODE, LAST_UPDATE_DTIME, LAST_UPDATE_USER_ID) VALUES ('cmsAdmin01', 'v3_cms_admin_ab_tests', 'W', TO_CHAR(SYSDATE, 'YYYYMMDDHH24MISS'), 'system');
INSERT INTO FWK_USER_MENU (USER_ID, MENU_ID, AUTH_CODE, LAST_UPDATE_DTIME, LAST_UPDATE_USER_ID) VALUES ('cmsAdmin01', 'v3_cms_admin_deployments', 'W', TO_CHAR(SYSDATE, 'YYYYMMDDHH24MISS'), 'system');
INSERT INTO FWK_USER_MENU (USER_ID, MENU_ID, AUTH_CODE, LAST_UPDATE_DTIME, LAST_UPDATE_USER_ID) VALUES ('cmsAdmin01', 'v3_cms_admin_statistics', 'W', TO_CHAR(SYSDATE, 'YYYYMMDDHH24MISS'), 'system');
INSERT INTO FWK_USER_MENU (USER_ID, MENU_ID, AUTH_CODE, LAST_UPDATE_DTIME, LAST_UPDATE_USER_ID) VALUES ('cmsAdmin01', 'v3_cms_admin_components', 'W', TO_CHAR(SYSDATE, 'YYYYMMDDHH24MISS'), 'system');
INSERT INTO FWK_USER_MENU (USER_ID, MENU_ID, AUTH_CODE, LAST_UPDATE_DTIME, LAST_UPDATE_USER_ID) VALUES ('cmsAdmin01', 'v3_cms_admin_asset_approvals', 'W', TO_CHAR(SYSDATE, 'YYYYMMDDHH24MISS'), 'system');
INSERT INTO FWK_USER_MENU (USER_ID, MENU_ID, AUTH_CODE, LAST_UPDATE_DTIME, LAST_UPDATE_USER_ID) VALUES ('cmsUser01', 'v3_cms_manage', 'W', TO_CHAR(SYSDATE, 'YYYYMMDDHH24MISS'), 'system');
INSERT INTO FWK_USER_MENU (USER_ID, MENU_ID, AUTH_CODE, LAST_UPDATE_DTIME, LAST_UPDATE_USER_ID) VALUES ('cmsUser01', 'v3_cms_dashboard', 'W', TO_CHAR(SYSDATE, 'YYYYMMDDHH24MISS'), 'system');
INSERT INTO FWK_USER_MENU (USER_ID, MENU_ID, AUTH_CODE, LAST_UPDATE_DTIME, LAST_UPDATE_USER_ID) VALUES ('cmsUser01', 'v3_cms_edit', 'W', TO_CHAR(SYSDATE, 'YYYYMMDDHH24MISS'), 'system');
INSERT INTO FWK_USER_MENU (USER_ID, MENU_ID, AUTH_CODE, LAST_UPDATE_DTIME, LAST_UPDATE_USER_ID) VALUES ('cmsUser01', 'v3_cms_admin_asset_requests', 'W', TO_CHAR(SYSDATE, 'YYYYMMDDHH24MISS'), 'system');

-- =============================================================
-- CMS 배포 서버 인스턴스 (FWK_CMS_SERVER_INSTANCE)
-- =============================================================
-- ⚠ 개발자가 DB에서 직접 실행해야 합니다.
-- 배포 서버가 없으면 cms-deployment.html 배포 버튼 클릭 시 500 오류 발생.
-- ALIVE_YN = 'N' 인 인스턴스는 배포 대상에서 제외됨.
INSERT INTO FWK_CMS_SERVER_INSTANCE (
    INSTANCE_ID,
    INSTANCE_NAME,
    INSTANCE_DESC,
    INSTANCE_IP,
    INSTANCE_PORT,
    SERVER_TYPE,
    ALIVE_YN,
    LAST_MODIFIER_ID
) VALUES (
    'prod-operation-01',
    '운영 서버',
    '운영 배포 서버 (133.186.135.23:8080)',
    '133.186.135.23',
    8080,
    'WEB',
    'Y',
    'system'
);


-- ============================================================
-- React 플랫폼 (/reactPlatform 서버에서 동작, sort_order 0: 독립 최상위 메뉴)
-- ============================================================

-- 1depth: React 플랫폼 (최상위, MENU_URL=NULL → 클릭 시 2depth 토글 펼침)
INSERT INTO FWK_MENU (MENU_ID, PRIOR_MENU_ID, SORT_ORDER, MENU_NAME, MENU_URL, DISPLAY_YN, USE_YN, LAST_UPDATE_DTIME, LAST_UPDATE_USER_ID)
VALUES ('v3_react_platform', '*', 0, 'React 플랫폼', NULL, 'Y', 'Y', TO_CHAR(SYSDATE, 'YYYYMMDDHH24MISS'), 'system');

-- 2depth: React 코드 생성
INSERT INTO FWK_MENU (MENU_ID, PRIOR_MENU_ID, SORT_ORDER, MENU_NAME, MENU_URL, DISPLAY_YN, USE_YN, LAST_UPDATE_DTIME, LAST_UPDATE_USER_ID)
VALUES ('v3_react_generate', 'v3_react_platform', 1, 'React 코드 생성', '/react-generate', 'Y', 'Y', TO_CHAR(SYSDATE, 'YYYYMMDDHH24MISS'), 'system');

-- 2depth: React 코드 생성 이력
INSERT INTO FWK_MENU (MENU_ID, PRIOR_MENU_ID, SORT_ORDER, MENU_NAME, MENU_URL, DISPLAY_YN, USE_YN, LAST_UPDATE_DTIME, LAST_UPDATE_USER_ID)
VALUES ('v3_react_generate_his', 'v3_react_platform', 2, 'React 코드 생성 이력', '/react-generate-his', 'Y', 'Y', TO_CHAR(SYSDATE, 'YYYYMMDDHH24MISS'), 'system');

-- 2depth: React 코드 승인 관리
INSERT INTO FWK_MENU (MENU_ID, PRIOR_MENU_ID, SORT_ORDER, MENU_NAME, MENU_URL, DISPLAY_YN, USE_YN, LAST_UPDATE_DTIME, LAST_UPDATE_USER_ID)
VALUES ('v3_react_approval', 'v3_react_platform', 3, 'React 코드 승인 관리', '/react-approval', 'Y', 'Y', TO_CHAR(SYSDATE, 'YYYYMMDDHH24MISS'), 'system');

-- 2depth: React 코드 배포 관리
INSERT INTO FWK_MENU (MENU_ID, PRIOR_MENU_ID, SORT_ORDER, MENU_NAME, MENU_URL, DISPLAY_YN, USE_YN, LAST_UPDATE_DTIME, LAST_UPDATE_USER_ID)
VALUES ('v3_react_deploy', 'v3_react_platform', 3, 'React 코드 배포 관리', '/react-deploy', 'Y', 'Y', TO_CHAR(SYSDATE, 'YYYYMMDDHH24MISS'), 'system');


-- ADMIN 역할 권한 등록
INSERT INTO FWK_ROLE_MENU (ROLE_ID, MENU_ID, AUTH_CODE) VALUES ('ADMIN', 'v3_react_platform', 'W');
INSERT INTO FWK_ROLE_MENU (ROLE_ID, MENU_ID, AUTH_CODE) VALUES ('ADMIN', 'v3_react_generate', 'W');
INSERT INTO FWK_ROLE_MENU (ROLE_ID, MENU_ID, AUTH_CODE) VALUES ('ADMIN', 'v3_react_generate_his', 'W');
INSERT INTO FWK_ROLE_MENU (ROLE_ID, MENU_ID, AUTH_CODE) VALUES ('ADMIN', 'v3_react_approval', 'W');
INSERT INTO FWK_ROLE_MENU (ROLE_ID, MENU_ID, AUTH_CODE) VALUES ('ADMIN', 'v3_react_deploy', 'W');


-- =============================================================
-- React CMS 인증·권한 초기 데이터 (이슈 #99)
-- =============================================================
-- 1depth: React CMS 관리
INSERT INTO FWK_MENU (MENU_ID, PRIOR_MENU_ID, SORT_ORDER, MENU_NAME, MENU_URL, DISPLAY_YN, USE_YN, LAST_UPDATE_DTIME, LAST_UPDATE_USER_ID)
VALUES ('v3_react_cms_manage', 'v3_acl_manage', 14, 'React CMS', NULL, 'Y', 'Y', TO_CHAR(SYSDATE, 'YYYYMMDDHH24MISS'), 'system');

-- 2depth: 관리자 대시보드
INSERT INTO FWK_MENU (MENU_ID, PRIOR_MENU_ID, SORT_ORDER, MENU_NAME, MENU_URL, DISPLAY_YN, USE_YN, LAST_UPDATE_DTIME, LAST_UPDATE_USER_ID)
VALUES ('v3_react_cms_dashboard', 'v3_react_cms_manage', 2, 'React CMS 관리자 대시보드', '/react-cms/builder', 'Y', 'Y', TO_CHAR(SYSDATE, 'YYYYMMDDHH24MISS'), 'system');

-- 2depth: React CMS Admin 승인 관리
INSERT INTO FWK_MENU (MENU_ID, PRIOR_MENU_ID, SORT_ORDER, MENU_NAME, MENU_URL, DISPLAY_YN, USE_YN, LAST_UPDATE_DTIME, LAST_UPDATE_USER_ID)
VALUES ('v3_react_cms_admin_approval', 'v3_react_platform', 4, 'React CMS Admin 승인 관리', '/react-cms-admin/approval', 'Y', 'Y', TO_CHAR(SYSDATE, 'YYYYMMDDHH24MISS'), 'system');

-- 2depth: React CMS Admin 배포 관리
INSERT INTO FWK_MENU (MENU_ID, PRIOR_MENU_ID, SORT_ORDER, MENU_NAME, MENU_URL, DISPLAY_YN, USE_YN, LAST_UPDATE_DTIME, LAST_UPDATE_USER_ID)
VALUES ('v3_react_cms_admin_deployments', 'v3_react_platform', 5, 'React CMS Admin 배포 관리', '/react-cms-admin/deployments', 'Y', 'Y', TO_CHAR(SYSDATE, 'YYYYMMDDHH24MISS'), 'system');

-- 4. 역할-메뉴 권한 (FWK_ROLE_MENU)
-- ADMIN: 전체 W
INSERT INTO FWK_ROLE_MENU (ROLE_ID, MENU_ID, AUTH_CODE) VALUES ('ADMIN', 'v3_react_cms_manage',          'W');
INSERT INTO FWK_ROLE_MENU (ROLE_ID, MENU_ID, AUTH_CODE) VALUES ('ADMIN', 'v3_react_cms_dashboard',        'W');
INSERT INTO FWK_ROLE_MENU (ROLE_ID, MENU_ID, AUTH_CODE) VALUES ('ADMIN', 'v3_react_cms_admin_approval',  'W');
INSERT INTO FWK_ROLE_MENU (ROLE_ID, MENU_ID, AUTH_CODE) VALUES ('ADMIN', 'v3_react_cms_admin_deployments',  'W');
-- react-adm: 전체 W (승인 관리 포함)
INSERT INTO FWK_ROLE_MENU (ROLE_ID, MENU_ID, AUTH_CODE) VALUES ('react-adm', 'v3_react_cms_manage',          'W');
INSERT INTO FWK_ROLE_MENU (ROLE_ID, MENU_ID, AUTH_CODE) VALUES ('react-adm', 'v3_react_cms_dashboard',        'W');
INSERT INTO FWK_ROLE_MENU (ROLE_ID, MENU_ID, AUTH_CODE) VALUES ('react-adm', 'v3_react_cms_admin_approval',  'W');
INSERT INTO FWK_ROLE_MENU (ROLE_ID, MENU_ID, AUTH_CODE) VALUES ('ADMIN', 'v3_react_cms_admin_deployments',  'W');
-- react-user: 제작자 대시보드까지만 W (승인 관리 제외)
INSERT INTO FWK_ROLE_MENU (ROLE_ID, MENU_ID, AUTH_CODE) VALUES ('react-user', 'v3_react_cms_manage',         'W');

-- 5. 사용자-메뉴 권한 (FWK_USER_MENU)
-- admin: React CMS 전체 추가
INSERT INTO FWK_USER_MENU (USER_ID, MENU_ID, AUTH_CODE, LAST_UPDATE_DTIME, LAST_UPDATE_USER_ID) VALUES ('admin', 'v3_acl_manage',               'W', TO_CHAR(SYSDATE, 'YYYYMMDDHH24MISS'), 'system');
INSERT INTO FWK_USER_MENU (USER_ID, MENU_ID, AUTH_CODE, LAST_UPDATE_DTIME, LAST_UPDATE_USER_ID) VALUES ('admin', 'v3_react_cms_manage',         'W', TO_CHAR(SYSDATE, 'YYYYMMDDHH24MISS'), 'system');
INSERT INTO FWK_USER_MENU (USER_ID, MENU_ID, AUTH_CODE, LAST_UPDATE_DTIME, LAST_UPDATE_USER_ID) VALUES ('admin', 'v3_react_cms_dashboard',       'W', TO_CHAR(SYSDATE, 'YYYYMMDDHH24MISS'), 'system');
INSERT INTO FWK_USER_MENU (USER_ID, MENU_ID, AUTH_CODE, LAST_UPDATE_DTIME, LAST_UPDATE_USER_ID) VALUES ('admin', 'v3_react_cms_admin_approval', 'W', TO_CHAR(SYSDATE, 'YYYYMMDDHH24MISS'), 'system');
INSERT INTO FWK_USER_MENU (USER_ID, MENU_ID, AUTH_CODE, LAST_UPDATE_DTIME, LAST_UPDATE_USER_ID) VALUES ('admin', 'v3_react_cms_admin_deployments', 'W', TO_CHAR(SYSDATE, 'YYYYMMDDHH24MISS'), 'system');
-- reactAdmin01: v3_acl_manage 접근 + 전체 W
INSERT INTO FWK_USER_MENU (USER_ID, MENU_ID, AUTH_CODE, LAST_UPDATE_DTIME, LAST_UPDATE_USER_ID) VALUES ('reactAdmin01', 'v3_acl_manage',               'W', TO_CHAR(SYSDATE, 'YYYYMMDDHH24MISS'), 'system');
INSERT INTO FWK_USER_MENU (USER_ID, MENU_ID, AUTH_CODE, LAST_UPDATE_DTIME, LAST_UPDATE_USER_ID) VALUES ('reactAdmin01', 'v3_react_cms_manage',         'W', TO_CHAR(SYSDATE, 'YYYYMMDDHH24MISS'), 'system');
INSERT INTO FWK_USER_MENU (USER_ID, MENU_ID, AUTH_CODE, LAST_UPDATE_DTIME, LAST_UPDATE_USER_ID) VALUES ('reactAdmin01', 'v3_react_cms_dashboard',       'W', TO_CHAR(SYSDATE, 'YYYYMMDDHH24MISS'), 'system');
INSERT INTO FWK_USER_MENU (USER_ID, MENU_ID, AUTH_CODE, LAST_UPDATE_DTIME, LAST_UPDATE_USER_ID) VALUES ('reactAdmin01', 'v3_react_cms_admin_approval', 'W', TO_CHAR(SYSDATE, 'YYYYMMDDHH24MISS'), 'system');
INSERT INTO FWK_USER_MENU (USER_ID, MENU_ID, AUTH_CODE, LAST_UPDATE_DTIME, LAST_UPDATE_USER_ID) VALUES ('reactAdmin01', 'v3_react_cms_admin_deployments', 'W', TO_CHAR(SYSDATE, 'YYYYMMDDHH24MISS'), 'system');
-- reactUser01: v3_acl_manage 접근 + 제작자 대시보드까지만 W
INSERT INTO FWK_USER_MENU (USER_ID, MENU_ID, AUTH_CODE, LAST_UPDATE_DTIME, LAST_UPDATE_USER_ID) VALUES ('reactUser01', 'v3_acl_manage',               'W', TO_CHAR(SYSDATE, 'YYYYMMDDHH24MISS'), 'system');
INSERT INTO FWK_USER_MENU (USER_ID, MENU_ID, AUTH_CODE, LAST_UPDATE_DTIME, LAST_UPDATE_USER_ID) VALUES ('reactUser01', 'v3_react_cms_manage',         'W', TO_CHAR(SYSDATE, 'YYYYMMDDHH24MISS'), 'system');

-- =============================================================
-- FWK_CODE_GROUP / FWK_CODE — DEMO 기관 Fixed Length 전문 설정
-- =============================================================
-- Fixed Length 전문 도입 시 spider-link가 byte[]에서 messageId를 추출할 때 사용하는 offset 값.
-- UID_END_OFFSET 값은 FWK_MESSAGE_FIELD 필드 설계 확정 후 실제 messageId 필드 길이로 변경한다.
-- ※ 현재 DEMO 전문은 전부 JSON 타입이므로 이 코드는 Fixed Length 전문 추가 시점까지 참조되지 않는다.
-- ⚠ 개발자가 DB에서 직접 실행해야 한다.
INSERT INTO FWK_CODE_GROUP (CODE_GROUP_ID, CODE_GROUP_NAME, CODE_GROUP_DESC, LAST_UPDATE_DTIME, LAST_UPDATE_USER_ID)
VALUES ('FEPDEMO', 'DEMO 기관 메시지 설정 코드 그룹', 'Fixed Length 전문 messageId 추출 offset 설정', TO_CHAR(SYSDATE, 'YYYYMMDDHH24MISS'), 'Admin');

INSERT INTO FWK_CODE (CODE_GROUP_ID, CODE, CODE_NAME, CODE_DESC, SORT_ORDER, USE_YN, LAST_UPDATE_DTIME, LAST_UPDATE_USER_ID)
VALUES ('FEPDEMO', 'UID_START_OFFSET', '0', 'DEMO 기관 전문식별자 시작 offset', 1, 'Y', TO_CHAR(SYSDATE, 'YYYYMMDDHH24MISS'), 'Admin');

-- UID_END_OFFSET: Fixed Length 전문의 messageId 필드 길이 확정 후 실제 값으로 변경
INSERT INTO FWK_CODE (CODE_GROUP_ID, CODE, CODE_NAME, CODE_DESC, SORT_ORDER, USE_YN, LAST_UPDATE_DTIME, LAST_UPDATE_USER_ID)
VALUES ('FEPDEMO', 'UID_END_OFFSET', '20', 'DEMO 기관 전문식별자 끝 offset (임시값 — 필드 설계 확정 후 변경)', 2, 'Y', TO_CHAR(SYSDATE, 'YYYYMMDDHH24MISS'), 'Admin');


-- =============================================================
-- FWK 서비스 라우팅 메타데이터 — MetaDrivenCommandHandler 용
-- spider-link가 FWK 테이블을 읽어 SQL을 동적 실행하는 데 필요한 데이터.
-- ※ 아래 쿼리는 모두 개발자가 DB에서 직접 실행해야 합니다.
-- =============================================================

-- FWK_GATEWAY: Demo 전문처리 게이트웨이
INSERT INTO FWK_GATEWAY (GW_ID, GW_NAME, IO_TYPE)
VALUES ('DEMO_GW', 'Demo 게이트웨이 (spider-link port 9995)', 'I');

-- FWK_LISTENER_TRX_MESSAGE: 커맨드 → TRX_ID 매핑
INSERT INTO FWK_LISTENER_TRX_MESSAGE (GW_ID, REQ_ID_CODE, TRX_ID, ORG_ID, IO_TYPE)
VALUES ('DEMO_GW', 'DEMO_AUTH_LOGIN',   'DEMO_AUTH_LOGIN',   'DEMO', 'I');
INSERT INTO FWK_LISTENER_TRX_MESSAGE (GW_ID, REQ_ID_CODE, TRX_ID, ORG_ID, IO_TYPE)
VALUES ('DEMO_GW', 'DEMO_AUTH_ME',      'DEMO_AUTH_ME',      'DEMO', 'I');
INSERT INTO FWK_LISTENER_TRX_MESSAGE (GW_ID, REQ_ID_CODE, TRX_ID, ORG_ID, IO_TYPE)
VALUES ('DEMO_GW', 'DEMO_PAYABLE_AMT',  'DEMO_PAYABLE_AMT',  'DEMO', 'I');

-- FWK_COMPONENT: DemoMapper SQL 컴포넌트 정의
-- COMPONENT_TYPE: S=SELECT, U=UPDATE/INSERT/DELETE
-- COMPONENT_CLASS_NAME = MyBatis mapper namespace, COMPONENT_METHOD_NAME = SQL ID
INSERT INTO FWK_COMPONENT (COMPONENT_ID, COMPONENT_NAME, COMPONENT_TYPE, COMPONENT_CLASS_NAME, COMPONENT_METHOD_NAME, USE_YN, LAST_UPDATE_DTIME, LAST_UPDATE_USER_ID)
VALUES ('DEMO_SELECT_USER_PW',     '사용자 인증 조회',         'S',
        'com.example.spiderlink.domain.demo.mapper.DemoMapper', 'selectPocUserByIdAndPassword',
        'Y', TO_CHAR(SYSDATE, 'YYYYMMDDHH24MISS'), 'Admin');

INSERT INTO FWK_COMPONENT (COMPONENT_ID, COMPONENT_NAME, COMPONENT_TYPE, COMPONENT_CLASS_NAME, COMPONENT_METHOD_NAME, USE_YN, LAST_UPDATE_DTIME, LAST_UPDATE_USER_ID)
VALUES ('DEMO_UPDATE_LOGIN_DTIME', '마지막 로그인 시간 갱신',  'U',
        'com.example.spiderlink.domain.demo.mapper.DemoMapper', 'updateLastLoginDtime',
        'Y', TO_CHAR(SYSDATE, 'YYYYMMDDHH24MISS'), 'Admin');

INSERT INTO FWK_COMPONENT (COMPONENT_ID, COMPONENT_NAME, COMPONENT_TYPE, COMPONENT_CLASS_NAME, COMPONENT_METHOD_NAME, USE_YN, LAST_UPDATE_DTIME, LAST_UPDATE_USER_ID)
VALUES ('DEMO_SELECT_USER',        '사용자 프로필 조회',       'S',
        'com.example.spiderlink.domain.demo.mapper.DemoMapper', 'selectPocUserById',
        'Y', TO_CHAR(SYSDATE, 'YYYYMMDDHH24MISS'), 'Admin');

INSERT INTO FWK_COMPONENT (COMPONENT_ID, COMPONENT_NAME, COMPONENT_TYPE, COMPONENT_CLASS_NAME, COMPONENT_METHOD_NAME, USE_YN, LAST_UPDATE_DTIME, LAST_UPDATE_USER_ID)
VALUES ('DEMO_SELECT_PAYABLE',     '즉시결제 가능금액 조회',   'S',
        'com.example.spiderlink.domain.demo.mapper.DemoMapper', 'selectPayableAmt',
        'Y', TO_CHAR(SYSDATE, 'YYYYMMDDHH24MISS'), 'Admin');

-- FWK_COMPONENT_PARAM: 컴포넌트가 받는 SQL 파라미터 키 정의
INSERT INTO FWK_COMPONENT_PARAM (COMPONENT_ID, PARAM_SEQ_NO, PARAM_KEY) VALUES ('DEMO_SELECT_USER_PW',     1, 'userId');
INSERT INTO FWK_COMPONENT_PARAM (COMPONENT_ID, PARAM_SEQ_NO, PARAM_KEY) VALUES ('DEMO_SELECT_USER_PW',     2, 'password');
INSERT INTO FWK_COMPONENT_PARAM (COMPONENT_ID, PARAM_SEQ_NO, PARAM_KEY) VALUES ('DEMO_UPDATE_LOGIN_DTIME', 1, 'userId');
INSERT INTO FWK_COMPONENT_PARAM (COMPONENT_ID, PARAM_SEQ_NO, PARAM_KEY) VALUES ('DEMO_SELECT_USER',        1, 'userId');
INSERT INTO FWK_COMPONENT_PARAM (COMPONENT_ID, PARAM_SEQ_NO, PARAM_KEY) VALUES ('DEMO_SELECT_PAYABLE',     1, 'userId');
INSERT INTO FWK_COMPONENT_PARAM (COMPONENT_ID, PARAM_SEQ_NO, PARAM_KEY) VALUES ('DEMO_SELECT_PAYABLE',     2, 'cardId');

-- FWK_SERVICE: 거래별 서비스 정의
INSERT INTO FWK_SERVICE (SERVICE_ID, SERVICE_NAME, TRX_ID, ORG_ID, IO_TYPE, USE_YN, LAST_UPDATE_DTIME, LAST_UPDATE_USER_ID)
VALUES ('SVC_AUTH_LOGIN',   '로그인 인증 서비스',           'DEMO_AUTH_LOGIN',   'DEMO', 'I', 'Y', TO_CHAR(SYSDATE, 'YYYYMMDDHH24MISS'), 'Admin');
INSERT INTO FWK_SERVICE (SERVICE_ID, SERVICE_NAME, TRX_ID, ORG_ID, IO_TYPE, USE_YN, LAST_UPDATE_DTIME, LAST_UPDATE_USER_ID)
VALUES ('SVC_AUTH_ME',      '사용자 프로필 조회 서비스',     'DEMO_AUTH_ME',      'DEMO', 'I', 'Y', TO_CHAR(SYSDATE, 'YYYYMMDDHH24MISS'), 'Admin');
INSERT INTO FWK_SERVICE (SERVICE_ID, SERVICE_NAME, TRX_ID, ORG_ID, IO_TYPE, USE_YN, LAST_UPDATE_DTIME, LAST_UPDATE_USER_ID)
VALUES ('SVC_PAYABLE_AMT',  '즉시결제 가능금액 서비스',      'DEMO_PAYABLE_AMT',  'DEMO', 'I', 'Y', TO_CHAR(SYSDATE, 'YYYYMMDDHH24MISS'), 'Admin');

-- FWK_SERVICE_RELATION: 서비스 → 컴포넌트 실행 순서
-- DEMO_AUTH_LOGIN: Step1=사용자 인증 SELECT, Step2=마지막 로그인 시간 UPDATE
INSERT INTO FWK_SERVICE_RELATION (SERVICE_ID, SERVICE_SEQ_NO, COMPONENT_ID) VALUES ('SVC_AUTH_LOGIN',  1, 'DEMO_SELECT_USER_PW');
INSERT INTO FWK_SERVICE_RELATION (SERVICE_ID, SERVICE_SEQ_NO, COMPONENT_ID) VALUES ('SVC_AUTH_LOGIN',  2, 'DEMO_UPDATE_LOGIN_DTIME');
INSERT INTO FWK_SERVICE_RELATION (SERVICE_ID, SERVICE_SEQ_NO, COMPONENT_ID) VALUES ('SVC_AUTH_ME',     1, 'DEMO_SELECT_USER');
INSERT INTO FWK_SERVICE_RELATION (SERVICE_ID, SERVICE_SEQ_NO, COMPONENT_ID) VALUES ('SVC_PAYABLE_AMT', 1, 'DEMO_SELECT_PAYABLE');

-- FWK_RELATION_PARAM: 요청 payload 키 → SQL 파라미터 바인딩
-- PARAM_VALUE = 요청 payload에서 꺼낼 키 이름 (FWK_COMPONENT_PARAM.PARAM_KEY와 매핑)
INSERT INTO FWK_RELATION_PARAM (SERVICE_ID, SERVICE_SEQ_NO, COMPONENT_ID, PARAM_SEQ_NO, PARAM_VALUE)
VALUES ('SVC_AUTH_LOGIN',  1, 'DEMO_SELECT_USER_PW',     1, 'userId');
INSERT INTO FWK_RELATION_PARAM (SERVICE_ID, SERVICE_SEQ_NO, COMPONENT_ID, PARAM_SEQ_NO, PARAM_VALUE)
VALUES ('SVC_AUTH_LOGIN',  1, 'DEMO_SELECT_USER_PW',     2, 'password');
INSERT INTO FWK_RELATION_PARAM (SERVICE_ID, SERVICE_SEQ_NO, COMPONENT_ID, PARAM_SEQ_NO, PARAM_VALUE)
VALUES ('SVC_AUTH_LOGIN',  2, 'DEMO_UPDATE_LOGIN_DTIME', 1, 'userId');
INSERT INTO FWK_RELATION_PARAM (SERVICE_ID, SERVICE_SEQ_NO, COMPONENT_ID, PARAM_SEQ_NO, PARAM_VALUE)
VALUES ('SVC_AUTH_ME',     1, 'DEMO_SELECT_USER',        1, 'userId');
INSERT INTO FWK_RELATION_PARAM (SERVICE_ID, SERVICE_SEQ_NO, COMPONENT_ID, PARAM_SEQ_NO, PARAM_VALUE)
VALUES ('SVC_PAYABLE_AMT', 1, 'DEMO_SELECT_PAYABLE',     1, 'userId');
INSERT INTO FWK_RELATION_PARAM (SERVICE_ID, SERVICE_SEQ_NO, COMPONENT_ID, PARAM_SEQ_NO, PARAM_VALUE)
VALUES ('SVC_PAYABLE_AMT', 1, 'DEMO_SELECT_PAYABLE',     2, 'cardId');

-- ============================================================
-- FWK_MESSAGE_FIELD: JSON 전문 필드 정의
-- JSON 전문은 고정길이와 달리 Jackson이 파싱하므로 DATA_LENGTH는
-- 참고용이며, REMARK 마스킹·LOG_YN 필터링이 실제 런타임에 활용된다.
-- ※ 개발자가 DB에서 직접 수행 필요
-- ============================================================

-- DEMO_AUTH_LOGIN_REQ 필드 (로그인 요청 전문)
INSERT INTO FWK_MESSAGE_FIELD (ORG_ID, MESSAGE_ID, MESSAGE_FIELD_ID, MESSAGE_FIELD_NAME, SORT_ORDER, DATA_TYPE, DATA_LENGTH, ALIGN, REMARK, LOG_YN, REQUIRED_YN, LAST_UPDATE_DTIME, LAST_UPDATE_USER_ID)
VALUES ('DEMO', 'DEMO_AUTH_LOGIN_REQ', 'userId',   '사용자 ID',  1, 'C', 20, 'L', NULL, 'Y', 'Y', TO_CHAR(SYSDATE, 'YYYYMMDDHH24MISS'), 'Admin');
-- password 필드: REMARK='*' 설정으로 거래 로그 저장 시 원본 값 대신 마스킹 처리
INSERT INTO FWK_MESSAGE_FIELD (ORG_ID, MESSAGE_ID, MESSAGE_FIELD_ID, MESSAGE_FIELD_NAME, SORT_ORDER, DATA_TYPE, DATA_LENGTH, ALIGN, REMARK, LOG_YN, REQUIRED_YN, LAST_UPDATE_DTIME, LAST_UPDATE_USER_ID)
VALUES ('DEMO', 'DEMO_AUTH_LOGIN_REQ', 'password', '비밀번호',   2, 'C', 20, 'L', '*', 'Y', 'Y', TO_CHAR(SYSDATE, 'YYYYMMDDHH24MISS'), 'Admin');

-- DEMO_AUTH_ME_REQ 필드 (사용자 프로필 조회 요청 전문)
INSERT INTO FWK_MESSAGE_FIELD (ORG_ID, MESSAGE_ID, MESSAGE_FIELD_ID, MESSAGE_FIELD_NAME, SORT_ORDER, DATA_TYPE, DATA_LENGTH, ALIGN, REMARK, LOG_YN, REQUIRED_YN, LAST_UPDATE_DTIME, LAST_UPDATE_USER_ID)
VALUES ('DEMO', 'DEMO_AUTH_ME_REQ', 'userId', '사용자 ID', 1, 'C', 20, 'L', NULL, 'Y', 'Y', TO_CHAR(SYSDATE, 'YYYYMMDDHH24MISS'), 'Admin');

-- DEMO_PAYABLE_AMT_REQ 필드 (즉시결제 가능금액 조회 요청 전문)
INSERT INTO FWK_MESSAGE_FIELD (ORG_ID, MESSAGE_ID, MESSAGE_FIELD_ID, MESSAGE_FIELD_NAME, SORT_ORDER, DATA_TYPE, DATA_LENGTH, ALIGN, REMARK, LOG_YN, REQUIRED_YN, LAST_UPDATE_DTIME, LAST_UPDATE_USER_ID)
VALUES ('DEMO', 'DEMO_PAYABLE_AMT_REQ', 'userId',  '사용자 ID', 1, 'C', 20, 'L', NULL, 'Y', 'Y', TO_CHAR(SYSDATE, 'YYYYMMDDHH24MISS'), 'Admin');
INSERT INTO FWK_MESSAGE_FIELD (ORG_ID, MESSAGE_ID, MESSAGE_FIELD_ID, MESSAGE_FIELD_NAME, SORT_ORDER, DATA_TYPE, DATA_LENGTH, ALIGN, REMARK, LOG_YN, REQUIRED_YN, LAST_UPDATE_DTIME, LAST_UPDATE_USER_ID)
VALUES ('DEMO', 'DEMO_PAYABLE_AMT_REQ', 'cardId',  '카드 ID',   2, 'C', 20, 'L', NULL, 'Y', 'Y', TO_CHAR(SYSDATE, 'YYYYMMDDHH24MISS'), 'Admin');

-- DEMO_AUTH_LOGIN_RES 필드 (로그인 응답 전문 — DemoPocUserResponse 기준)
INSERT INTO FWK_MESSAGE_FIELD (ORG_ID, MESSAGE_ID, MESSAGE_FIELD_ID, MESSAGE_FIELD_NAME, SORT_ORDER, DATA_TYPE, DATA_LENGTH, ALIGN, REMARK, LOG_YN, REQUIRED_YN, LAST_UPDATE_DTIME, LAST_UPDATE_USER_ID)
VALUES ('DEMO', 'DEMO_AUTH_LOGIN_RES', 'userId',         '사용자 ID',       1, 'C', 20,  'L', NULL, 'Y', 'Y', TO_CHAR(SYSDATE, 'YYYYMMDDHH24MISS'), 'Admin');
INSERT INTO FWK_MESSAGE_FIELD (ORG_ID, MESSAGE_ID, MESSAGE_FIELD_ID, MESSAGE_FIELD_NAME, SORT_ORDER, DATA_TYPE, DATA_LENGTH, ALIGN, REMARK, LOG_YN, REQUIRED_YN, LAST_UPDATE_DTIME, LAST_UPDATE_USER_ID)
VALUES ('DEMO', 'DEMO_AUTH_LOGIN_RES', 'userName',        '사용자 이름',     2, 'C', 50,  'L', NULL, 'Y', 'Y', TO_CHAR(SYSDATE, 'YYYYMMDDHH24MISS'), 'Admin');
INSERT INTO FWK_MESSAGE_FIELD (ORG_ID, MESSAGE_ID, MESSAGE_FIELD_ID, MESSAGE_FIELD_NAME, SORT_ORDER, DATA_TYPE, DATA_LENGTH, ALIGN, REMARK, LOG_YN, REQUIRED_YN, LAST_UPDATE_DTIME, LAST_UPDATE_USER_ID)
VALUES ('DEMO', 'DEMO_AUTH_LOGIN_RES', 'userGrade',       '사용자 등급',     3, 'C', 10,  'L', NULL, 'Y', 'Y', TO_CHAR(SYSDATE, 'YYYYMMDDHH24MISS'), 'Admin');
INSERT INTO FWK_MESSAGE_FIELD (ORG_ID, MESSAGE_ID, MESSAGE_FIELD_ID, MESSAGE_FIELD_NAME, SORT_ORDER, DATA_TYPE, DATA_LENGTH, ALIGN, REMARK, LOG_YN, REQUIRED_YN, LAST_UPDATE_DTIME, LAST_UPDATE_USER_ID)
VALUES ('DEMO', 'DEMO_AUTH_LOGIN_RES', 'logYn',           '로그인 허용 여부', 4, 'C', 1,   'L', NULL, 'Y', 'Y', TO_CHAR(SYSDATE, 'YYYYMMDDHH24MISS'), 'Admin');
INSERT INTO FWK_MESSAGE_FIELD (ORG_ID, MESSAGE_ID, MESSAGE_FIELD_ID, MESSAGE_FIELD_NAME, SORT_ORDER, DATA_TYPE, DATA_LENGTH, ALIGN, REMARK, LOG_YN, REQUIRED_YN, LAST_UPDATE_DTIME, LAST_UPDATE_USER_ID)
VALUES ('DEMO', 'DEMO_AUTH_LOGIN_RES', 'lastLoginDtime',  '마지막 로그인 시간', 5, 'C', 17, 'L', NULL, 'Y', 'Y', TO_CHAR(SYSDATE, 'YYYYMMDDHH24MISS'), 'Admin');

-- DEMO_AUTH_ME_RES 필드 (사용자 프로필 조회 응답 전문 — DemoPocUserResponse 기준)
INSERT INTO FWK_MESSAGE_FIELD (ORG_ID, MESSAGE_ID, MESSAGE_FIELD_ID, MESSAGE_FIELD_NAME, SORT_ORDER, DATA_TYPE, DATA_LENGTH, ALIGN, REMARK, LOG_YN, REQUIRED_YN, LAST_UPDATE_DTIME, LAST_UPDATE_USER_ID)
VALUES ('DEMO', 'DEMO_AUTH_ME_RES', 'userId',         '사용자 ID',       1, 'C', 20,  'L', NULL, 'Y', 'Y', TO_CHAR(SYSDATE, 'YYYYMMDDHH24MISS'), 'Admin');
INSERT INTO FWK_MESSAGE_FIELD (ORG_ID, MESSAGE_ID, MESSAGE_FIELD_ID, MESSAGE_FIELD_NAME, SORT_ORDER, DATA_TYPE, DATA_LENGTH, ALIGN, REMARK, LOG_YN, REQUIRED_YN, LAST_UPDATE_DTIME, LAST_UPDATE_USER_ID)
VALUES ('DEMO', 'DEMO_AUTH_ME_RES', 'userName',        '사용자 이름',     2, 'C', 50,  'L', NULL, 'Y', 'Y', TO_CHAR(SYSDATE, 'YYYYMMDDHH24MISS'), 'Admin');
INSERT INTO FWK_MESSAGE_FIELD (ORG_ID, MESSAGE_ID, MESSAGE_FIELD_ID, MESSAGE_FIELD_NAME, SORT_ORDER, DATA_TYPE, DATA_LENGTH, ALIGN, REMARK, LOG_YN, REQUIRED_YN, LAST_UPDATE_DTIME, LAST_UPDATE_USER_ID)
VALUES ('DEMO', 'DEMO_AUTH_ME_RES', 'userGrade',       '사용자 등급',     3, 'C', 10,  'L', NULL, 'Y', 'Y', TO_CHAR(SYSDATE, 'YYYYMMDDHH24MISS'), 'Admin');
INSERT INTO FWK_MESSAGE_FIELD (ORG_ID, MESSAGE_ID, MESSAGE_FIELD_ID, MESSAGE_FIELD_NAME, SORT_ORDER, DATA_TYPE, DATA_LENGTH, ALIGN, REMARK, LOG_YN, REQUIRED_YN, LAST_UPDATE_DTIME, LAST_UPDATE_USER_ID)
VALUES ('DEMO', 'DEMO_AUTH_ME_RES', 'logYn',           '로그인 허용 여부', 4, 'C', 1,   'L', NULL, 'Y', 'Y', TO_CHAR(SYSDATE, 'YYYYMMDDHH24MISS'), 'Admin');
INSERT INTO FWK_MESSAGE_FIELD (ORG_ID, MESSAGE_ID, MESSAGE_FIELD_ID, MESSAGE_FIELD_NAME, SORT_ORDER, DATA_TYPE, DATA_LENGTH, ALIGN, REMARK, LOG_YN, REQUIRED_YN, LAST_UPDATE_DTIME, LAST_UPDATE_USER_ID)
VALUES ('DEMO', 'DEMO_AUTH_ME_RES', 'lastLoginDtime',  '마지막 로그인 시간', 5, 'C', 17, 'L', NULL, 'Y', 'Y', TO_CHAR(SYSDATE, 'YYYYMMDDHH24MISS'), 'Admin');

-- DEMO_PAYABLE_AMT_RES 필드 (즉시결제 가능금액 조회 응답 전문 — DemoPayableAmtResponse 기준)
INSERT INTO FWK_MESSAGE_FIELD (ORG_ID, MESSAGE_ID, MESSAGE_FIELD_ID, MESSAGE_FIELD_NAME, SORT_ORDER, DATA_TYPE, DATA_LENGTH, ALIGN, REMARK, LOG_YN, REQUIRED_YN, LAST_UPDATE_DTIME, LAST_UPDATE_USER_ID)
VALUES ('DEMO', 'DEMO_PAYABLE_AMT_RES', 'payableAmount', '즉시결제 가능금액', 1, 'N', 15, 'R', NULL, 'Y', 'Y', TO_CHAR(SYSDATE, 'YYYYMMDDHH24MISS'), 'Admin');
INSERT INTO FWK_MESSAGE_FIELD (ORG_ID, MESSAGE_ID, MESSAGE_FIELD_ID, MESSAGE_FIELD_NAME, SORT_ORDER, DATA_TYPE, DATA_LENGTH, ALIGN, REMARK, LOG_YN, REQUIRED_YN, LAST_UPDATE_DTIME, LAST_UPDATE_USER_ID)
VALUES ('DEMO', 'DEMO_PAYABLE_AMT_RES', 'creditLimit',   '신용 한도',       2, 'N', 15, 'R', NULL, 'Y', 'Y', TO_CHAR(SYSDATE, 'YYYYMMDDHH24MISS'), 'Admin');

COMMIT;

-- =============================================================
-- 로그레벨조정 기능 - WAS 인스턴스 등록 (POC HNC)
--
-- Admin 콘솔의 로그레벨조정 메뉴에서 WAS 전파 대상을 관리하기 위한
-- WAS 그룹 / 인스턴스 / 통신 설정 초기 데이터.
--
-- 등록 대상 인스턴스 (INSTANCE_ID 명명 규칙: 역할코드 2자리 + 번호 2자리)
--   BT01 : batch-was    — Spring Batch 실행 WAS, HTTP 통신, 관리 포트 8081
--   BT02 : biz-auth     — 인증 서비스,            TCP  통신, 관리 포트 19100
--   BT03 : biz-transfer — 이체 서비스,            TCP  통신, 관리 포트 19200
--   BT04 : mock-core    — Mock 외부 시스템,        TCP  통신, 관리 포트 19300
--   PT01 : biz-channel  — 채널 서비스,            HTTP 통신, 관리 포트 18080
--   FW01 : spider-link  — 프레임워크 링크 WAS,    HTTP 통신, 관리 포트 8082
-- =============================================================

-- -------------------------------------------------------------
-- [1] FWK_WAS_GROUP — WAS 그룹 등록
--     로그레벨조정 화면에서 전파 대상 그룹으로 선택할 수 있는 단위.
--     하나의 그룹에 여러 인스턴스를 묶어 일괄 전파가 가능하다.
-- -------------------------------------------------------------
INSERT INTO FWK_WAS_GROUP (WAS_GROUP_ID, WAS_GROUP_NAME, WAS_GROUP_DESC)
VALUES ('POC_HNC_GROUP', 'POC 하나카드 그룹', 'POC 하나카드용 그룹 입니다.');

-- -------------------------------------------------------------
-- [2] FWK_WAS_INSTANCE — WAS 인스턴스 등록
--
-- INSTANCE_TYPE 코드
--   '1' : Presentation Tier (PT) — 웹/채널 서버
--   '2' : Business Tier     (BT) — 업무 AP 서버
--   '3' : 통합              (FW) — 프레임워크·게이트웨이 서버
--
-- OPER_MODE_TYPE 코드
--   'D' : 개발(Development)
--   'T' : 테스트(Test)
--   'R' : 운영(Real)
--
-- ※ PORT 컬럼은 화면 표시용(서비스 포트)이며, 실제 Admin→WAS 관리 통신에
--    사용하는 IP·포트는 FWK_PROPERTY(아래 [4] 참조)에 별도 등록한다.
-- -------------------------------------------------------------
-- BT01: batch-was — HTTP 통신, 관리 포트 8081 (서비스 포트와 다름)
INSERT INTO FWK_WAS_INSTANCE (INSTANCE_ID, INSTANCE_NAME, INSTANCE_DESC, INSTANCE_TYPE, IP, PORT, OPER_MODE_TYPE)
VALUES ('BT01', 'Batch WAS', 'Spring Batch 실행 WAS (POC)', '2', '127.0.0.1', '9998', 'D');
-- BT02: biz-auth — TCP 전용 통신 (포트 19100)
INSERT INTO FWK_WAS_INSTANCE (INSTANCE_ID, INSTANCE_NAME, INSTANCE_DESC, INSTANCE_TYPE, IP, PORT, OPER_MODE_TYPE)
VALUES ('BT02', 'BT02', 'biz-auth (POC)', '2', '127.0.0.1', '19100', 'D');
-- BT03: biz-transfer — TCP 전용 통신 (포트 19200)
INSERT INTO FWK_WAS_INSTANCE (INSTANCE_ID, INSTANCE_NAME, INSTANCE_DESC, INSTANCE_TYPE, IP, PORT, OPER_MODE_TYPE)
VALUES ('BT03', 'BT03', 'biz-transfer (POC)', '2', '127.0.0.1', '19200', 'D');
-- BT04: mock-core — TCP 전용 통신 (포트 19300)
INSERT INTO FWK_WAS_INSTANCE (INSTANCE_ID, INSTANCE_NAME, INSTANCE_DESC, INSTANCE_TYPE, IP, PORT, OPER_MODE_TYPE)
VALUES ('BT04', 'BT04', 'mock-core (POC)', '2', '127.0.0.1', '19300', 'D');
-- PT01: biz-channel — HTTP 통신, 서비스 포트 18080
INSERT INTO FWK_WAS_INSTANCE (INSTANCE_ID, INSTANCE_NAME, INSTANCE_DESC, INSTANCE_TYPE, IP, PORT, OPER_MODE_TYPE)
VALUES ('PT01', 'PT01', 'biz-channel (POC)', '1', '127.0.0.1', '18080', 'D');

-- -------------------------------------------------------------
-- [3] FWK_WAS_GROUP_INSTANCE — 그룹-인스턴스 매핑
--     POC_HNC_GROUP에 위 6개 인스턴스를 모두 소속시킨다.
-- -------------------------------------------------------------
INSERT INTO FWK_WAS_GROUP_INSTANCE (WAS_GROUP_ID, INSTANCE_ID) VALUES ('POC_HNC_GROUP', 'BT01');
INSERT INTO FWK_WAS_GROUP_INSTANCE (WAS_GROUP_ID, INSTANCE_ID) VALUES ('POC_HNC_GROUP', 'BT02');
INSERT INTO FWK_WAS_GROUP_INSTANCE (WAS_GROUP_ID, INSTANCE_ID) VALUES ('POC_HNC_GROUP', 'BT03');
INSERT INTO FWK_WAS_GROUP_INSTANCE (WAS_GROUP_ID, INSTANCE_ID) VALUES ('POC_HNC_GROUP', 'BT04');
INSERT INTO FWK_WAS_GROUP_INSTANCE (WAS_GROUP_ID, INSTANCE_ID) VALUES ('POC_HNC_GROUP', 'PT01');

-- -------------------------------------------------------------
-- [4] FWK_PROPERTY — WAS 인스턴스별 관리 통신 설정
--
-- 키 패턴: {INSTANCE_ID}.MANAGEMENT_SERVER_IP   — 관리 엔드포인트 IP
--          {INSTANCE_ID}.MANAGEMENT_SERVER_PORT  — 관리 엔드포인트 포트
--          {INSTANCE_ID}.COMM_TYPE               — 통신 방식 (HTTP | TCP)
--
-- COMM_TYPE 선택 기준:
--   HTTP : Admin이 WAS의 /actuator/loggers REST API를 호출하는 방식.
--          WAS에 spider-link 의존성이 없어도 동작하며, 기본값으로 사용.
--   TCP  : Admin이 spider-link 관리 채널(TCP 소켓)을 통해 직접 명령을 전송.
--          해당 WAS에 spider-link 에이전트가 기동 중일 때만 유효하다.
--          BT02(biz-auth), BT03(biz-transfer)는 spider-link 에이전트를
--          내장하므로 TCP로 등록한다.
-- -------------------------------------------------------------

-- BT01: batch-was — HTTP 통신 (관리 포트 8081, 서비스 포트 9998과 다름에 유의)
INSERT INTO FWK_PROPERTY (PROPERTY_GROUP_ID, PROPERTY_ID, PROPERTY_NAME, PROPERTY_DESC, DATA_TYPE, VALID_DATA, DEFAULT_VALUE, LAST_UPDATE_USER_ID, LAST_UPDATE_DTIME)
VALUES ('was_config', 'BT01.MANAGEMENT_SERVER_IP', 'BT01.MANAGEMENT_SERVER_IP', 'POC HNC - batch-was 서버 ip', 'C', null, '127.0.0.1', 'system', TO_CHAR(SYSDATE, 'YYYYMMDDHH24MISS'));
INSERT INTO FWK_PROPERTY (PROPERTY_GROUP_ID, PROPERTY_ID, PROPERTY_NAME, PROPERTY_DESC, DATA_TYPE, VALID_DATA, DEFAULT_VALUE, LAST_UPDATE_USER_ID, LAST_UPDATE_DTIME)
VALUES ('was_config', 'BT01.MANAGEMENT_SERVER_PORT', 'BT01.MANAGEMENT_SERVER_PORT', 'POC HNC - batch-was 서버 port', 'C', null, '8081', 'system', TO_CHAR(SYSDATE, 'YYYYMMDDHH24MISS'));
INSERT INTO FWK_PROPERTY (PROPERTY_GROUP_ID, PROPERTY_ID, PROPERTY_NAME, PROPERTY_DESC, DATA_TYPE, VALID_DATA, DEFAULT_VALUE, LAST_UPDATE_USER_ID, LAST_UPDATE_DTIME)
VALUES ('was_config', 'BT01.COMM_TYPE', 'BT01.COMM_TYPE', 'POC HNC - batch-was 통신 방식', 'C', 'HTTP,TCP', 'HTTP', 'system', TO_CHAR(SYSDATE, 'YYYYMMDDHH24MISS'));

-- BT02: biz-auth — TCP 전용 통신 (spider-link 에이전트 내장, 관리 포트 19100)
INSERT INTO FWK_PROPERTY (PROPERTY_GROUP_ID, PROPERTY_ID, PROPERTY_NAME, PROPERTY_DESC, DATA_TYPE, VALID_DATA, DEFAULT_VALUE, LAST_UPDATE_USER_ID, LAST_UPDATE_DTIME)
VALUES ('was_config', 'BT02.MANAGEMENT_SERVER_IP', 'BT02.MANAGEMENT_SERVER_IP', 'POC HNC - biz-auth 서버 ip', 'C', null, '127.0.0.1', 'system', TO_CHAR(SYSDATE, 'YYYYMMDDHH24MISS'));
INSERT INTO FWK_PROPERTY (PROPERTY_GROUP_ID, PROPERTY_ID, PROPERTY_NAME, PROPERTY_DESC, DATA_TYPE, VALID_DATA, DEFAULT_VALUE, LAST_UPDATE_USER_ID, LAST_UPDATE_DTIME)
VALUES ('was_config', 'BT02.MANAGEMENT_SERVER_PORT', 'BT02.MANAGEMENT_SERVER_PORT', 'POC HNC - biz-auth 서버 port', 'C', null, '19100', 'system', TO_CHAR(SYSDATE, 'YYYYMMDDHH24MISS'));
INSERT INTO FWK_PROPERTY (PROPERTY_GROUP_ID, PROPERTY_ID, PROPERTY_NAME, PROPERTY_DESC, DATA_TYPE, VALID_DATA, DEFAULT_VALUE, LAST_UPDATE_USER_ID, LAST_UPDATE_DTIME)
VALUES ('was_config', 'BT02.COMM_TYPE', 'BT02.COMM_TYPE', 'POC HNC - biz-auth 통신 방식', 'C', 'HTTP,TCP', 'TCP', 'system', TO_CHAR(SYSDATE, 'YYYYMMDDHH24MISS'));

-- BT03: biz-transfer — TCP 전용 통신 (spider-link 에이전트 내장, 관리 포트 19200)
INSERT INTO FWK_PROPERTY (PROPERTY_GROUP_ID, PROPERTY_ID, PROPERTY_NAME, PROPERTY_DESC, DATA_TYPE, VALID_DATA, DEFAULT_VALUE, LAST_UPDATE_USER_ID, LAST_UPDATE_DTIME)
VALUES ('was_config', 'BT03.MANAGEMENT_SERVER_IP', 'BT03.MANAGEMENT_SERVER_IP', 'POC HNC - biz-transfer 서버 ip', 'C', null, '127.0.0.1', 'system', TO_CHAR(SYSDATE, 'YYYYMMDDHH24MISS'));
INSERT INTO FWK_PROPERTY (PROPERTY_GROUP_ID, PROPERTY_ID, PROPERTY_NAME, PROPERTY_DESC, DATA_TYPE, VALID_DATA, DEFAULT_VALUE, LAST_UPDATE_USER_ID, LAST_UPDATE_DTIME)
VALUES ('was_config', 'BT03.MANAGEMENT_SERVER_PORT', 'BT03.MANAGEMENT_SERVER_PORT', 'POC HNC - biz-transfer 서버 port', 'C', null, '19200', 'system', TO_CHAR(SYSDATE, 'YYYYMMDDHH24MISS'));
INSERT INTO FWK_PROPERTY (PROPERTY_GROUP_ID, PROPERTY_ID, PROPERTY_NAME, PROPERTY_DESC, DATA_TYPE, VALID_DATA, DEFAULT_VALUE, LAST_UPDATE_USER_ID, LAST_UPDATE_DTIME)
VALUES ('was_config', 'BT03.COMM_TYPE', 'BT03.COMM_TYPE', 'POC HNC - biz-transfer 통신 방식', 'C', 'HTTP,TCP', 'TCP', 'system', TO_CHAR(SYSDATE, 'YYYYMMDDHH24MISS'));

-- BT04: mock-core — TCP 전용 통신 (spider-link 에이전트 내장, 관리 포트 19300)
INSERT INTO FWK_PROPERTY (PROPERTY_GROUP_ID, PROPERTY_ID, PROPERTY_NAME, PROPERTY_DESC, DATA_TYPE, VALID_DATA, DEFAULT_VALUE, LAST_UPDATE_USER_ID, LAST_UPDATE_DTIME)
VALUES ('was_config', 'BT04.MANAGEMENT_SERVER_IP', 'BT04.MANAGEMENT_SERVER_IP', 'POC HNC - mock-core 서버 ip', 'C', null, '127.0.0.1', 'system', TO_CHAR(SYSDATE, 'YYYYMMDDHH24MISS'));
INSERT INTO FWK_PROPERTY (PROPERTY_GROUP_ID, PROPERTY_ID, PROPERTY_NAME, PROPERTY_DESC, DATA_TYPE, VALID_DATA, DEFAULT_VALUE, LAST_UPDATE_USER_ID, LAST_UPDATE_DTIME)
VALUES ('was_config', 'BT04.MANAGEMENT_SERVER_PORT', 'BT04.MANAGEMENT_SERVER_PORT', 'POC HNC - mock-core 서버 port', 'C', null, '19300', 'system', TO_CHAR(SYSDATE, 'YYYYMMDDHH24MISS'));
INSERT INTO FWK_PROPERTY (PROPERTY_GROUP_ID, PROPERTY_ID, PROPERTY_NAME, PROPERTY_DESC, DATA_TYPE, VALID_DATA, DEFAULT_VALUE, LAST_UPDATE_USER_ID, LAST_UPDATE_DTIME)
VALUES ('was_config', 'BT04.COMM_TYPE', 'BT04.COMM_TYPE', 'POC HNC - mock-core 통신 방식', 'C', 'HTTP,TCP', 'TCP', 'system', TO_CHAR(SYSDATE, 'YYYYMMDDHH24MISS'));

-- PT01: biz-channel — HTTP 통신 (관리 포트 18080)
INSERT INTO FWK_PROPERTY (PROPERTY_GROUP_ID, PROPERTY_ID, PROPERTY_NAME, PROPERTY_DESC, DATA_TYPE, VALID_DATA, DEFAULT_VALUE, LAST_UPDATE_USER_ID, LAST_UPDATE_DTIME)
VALUES ('was_config', 'PT01.MANAGEMENT_SERVER_IP', 'PT01.MANAGEMENT_SERVER_IP', 'POC HNC - biz-channel 서버 ip', 'C', null, '127.0.0.1', 'system', TO_CHAR(SYSDATE, 'YYYYMMDDHH24MISS'));
INSERT INTO FWK_PROPERTY (PROPERTY_GROUP_ID, PROPERTY_ID, PROPERTY_NAME, PROPERTY_DESC, DATA_TYPE, VALID_DATA, DEFAULT_VALUE, LAST_UPDATE_USER_ID, LAST_UPDATE_DTIME)
VALUES ('was_config', 'PT01.MANAGEMENT_SERVER_PORT', 'PT01.MANAGEMENT_SERVER_PORT', 'POC HNC - biz-channel 서버 port', 'C', null, '18080', 'system', TO_CHAR(SYSDATE, 'YYYYMMDDHH24MISS'));
INSERT INTO FWK_PROPERTY (PROPERTY_GROUP_ID, PROPERTY_ID, PROPERTY_NAME, PROPERTY_DESC, DATA_TYPE, VALID_DATA, DEFAULT_VALUE, LAST_UPDATE_USER_ID, LAST_UPDATE_DTIME)
VALUES ('was_config', 'PT01.COMM_TYPE', 'PT01.COMM_TYPE', 'POC HNC - biz-channel 통신 방식', 'C', 'HTTP,TCP', 'HTTP', 'system', TO_CHAR(SYSDATE, 'YYYYMMDDHH24MISS'));

COMMIT;
